shipment_id,warehouse_id,customer_id,scheduled_date,actual_delivery,delay_flag,delay_hours,scheduled_dt,actual_dt,reject_reason
SHP-002182,Kewdale WH,CUST-00171,2024-13-45,2024-07-24 19:00,false,0.0,,2024-07-24 19:00:00,invalid_date
SHP-001407,,CUST-00160,2024-13-45,2023-10-04 12:00,0,0.0,,2023-10-04 12:00:00,invalid_date
SHP-000927,Fremantle WH,CUST-00023,2024-13-45,2023-08-30 16:00,N,0.0,,2023-08-30 16:00:00,invalid_date
SHP-004432,WH01,CUST-00139,2024-13-45,2024-05-06 08:00,0,0.0,,2024-05-06 08:00:00,invalid_date
SHP-004242,WH01,CUST-00173,invalid,2023-04-14 03:00,false,0.0,,2023-04-14 03:00:00,invalid_date
SHP-002893,kewdale wh,CUST-00061,invalid,2023-12-21 11:00,true,11.3,,2023-12-21 11:00:00,invalid_date
SHP-000325,Kewdale WH,CUST-00006,2023-02-30,2023-06-04 09:00,0,0.0,,2023-06-04 09:00:00,invalid_date
SHP-003275,perth wh,CUST-00039,2024-13-45,2024-04-26 19:00,true,43.2,,2024-04-26 19:00:00,invalid_date
SHP-001039,WH02,CUST-00119,invalid,2023-12-26 20:00,1,44.9,,2023-12-26 20:00:00,invalid_date
SHP-003653,,CUST-00101,invalid,2024-11-13 04:00,FALSE,0.0,,2024-11-13 04:00:00,invalid_date
SHP-002874,Perth WH,CUST-00058,2024-13-45,2024-10-13 06:00,FALSE,0.0,,2024-10-13 06:00:00,invalid_date
SHP-004602,WH03,CUST-00094,invalid,2024-01-23 08:00,0,0.0,,2024-01-23 08:00:00,invalid_date
SHP-002866,WH03,CUST-00081,2024-13-45,2023-03-05 03:00,FALSE,0.0,,2023-03-05 03:00:00,invalid_date
SHP-002654,WH03,CUST-00189,invalid,2023-03-25 04:00,No,0.0,,2023-03-25 04:00:00,invalid_date
SHP-000473,kewdale wh,CUST-00189,2023-02-30,2023-09-21 05:00,0,0.0,,2023-09-21 05:00:00,invalid_date
SHP-003721,WH01,CUST-00115,invalid,2024-12-05 11:00,No,0.0,,2024-12-05 11:00:00,invalid_date
SHP-002313,Kewdale WH,CUST-00051,2024-13-45,2024-11-02 06:00,true,30.1,,2024-11-02 06:00:00,invalid_date
SHP-004665,Fremantle WH,ORPHAN-46,2024-13-45,2023-12-15 15:00,No,0.0,,2023-12-15 15:00:00,invalid_date
SHP-004275,Fremantle WH,CUST-00172,2023-02-30,2023-12-05 15:00,FALSE,0.0,,2023-12-05 15:00:00,invalid_date
SHP-003951,Fremantle WH,CUST-00007,2023-02-30,2024-07-21 08:00,false,0.0,,2024-07-21 08:00:00,invalid_date
SHP-001116,Kewdale WH,CUST-00132,invalid,2023-04-14 02:00,1,2.5,,2023-04-14 02:00:00,invalid_date
SHP-001845,WH02,CUST-00187,2024-13-45,2024-11-24 13:00,N,0.0,,2024-11-24 13:00:00,invalid_date
SHP-002174,WH02,CUST-00105,2024-13-45,2024-01-09 13:00,FALSE,0.0,,2024-01-09 13:00:00,invalid_date
SHP-004931,WH02,CUST-00154,2024-13-45,2024-12-01 05:00,0,0.0,,2024-12-01 05:00:00,invalid_date
SHP-004874,Fremantle WH,CUST-00025,2023-02-30,2023-01-24 04:00,No,0.0,,2023-01-24 04:00:00,invalid_date
SHP-001718,WH02,CUST-00093,2024-13-45,2024-12-17 01:00,FALSE,0.0,,2024-12-17 01:00:00,invalid_date
SHP-001967,fremantle wh,CUST-00064,2024-13-45,2023-01-17 15:00,FALSE,0.0,,2023-01-17 15:00:00,invalid_date
SHP-001226,Fremantle WH,CUST-00136,invalid,2023-08-23 09:00,Y,33.4,,2023-08-23 09:00:00,invalid_date
SHP-000212,Kewdale WH,CUST-00060,invalid,2023-09-19 10:00,FALSE,0.0,,2023-09-19 10:00:00,invalid_date
SHP-001553,perth wh,CUST-00078,2024-13-45,2023-11-29 10:00,FALSE,0.0,,2023-11-29 10:00:00,invalid_date
SHP-004268,,CUST-00060,2023-02-30,2024-12-06 01:00,0,0.0,,2024-12-06 01:00:00,invalid_date
SHP-003771,fremantle wh,CUST-00048,2023-02-30,2023-11-29 14:00,N,0.0,,2023-11-29 14:00:00,invalid_date
SHP-000675,perth wh,CUST-00175,2023-02-30,2023-12-29 13:00,false,0.0,,2023-12-29 13:00:00,invalid_date
SHP-000649,fremantle wh,CUST-00062,2023-02-30,2024-12-26 18:00,N,0.0,,2024-12-26 18:00:00,invalid_date
SHP-001490,WH01,CUST-00008,invalid,2024-06-08 15:00,false,0.0,,2024-06-08 15:00:00,invalid_date
SHP-002195,Kewdale WH,CUST-00079,invalid,2023-09-02 08:00,No,0.0,,2023-09-02 08:00:00,invalid_date
SHP-004309,WH02,CUST-00081,2024-13-45,2023-09-11 03:00,false,0.0,,2023-09-11 03:00:00,invalid_date
SHP-001801,Kewdale WH,CUST-00143,2023-02-30,2024-08-09 15:00,0,0.0,,2024-08-09 15:00:00,invalid_date
SHP-003552,fremantle wh,CUST-00170,2023-02-30,2023-04-24 02:00,0,0.0,,2023-04-24 02:00:00,invalid_date
SHP-004629,perth wh,CUST-00146,2024-13-45,2024-06-28 07:00,No,0.0,,2024-06-28 07:00:00,invalid_date
SHP-001186,WH01,CUST-00051,2024-13-45,2023-10-09 05:00,0,0.0,,2023-10-09 05:00:00,invalid_date
SHP-004990,,CUST-00064,invalid,2024-11-25 19:00,No,0.0,,2024-11-25 19:00:00,invalid_date
SHP-001279,Kewdale WH,CUST-00001,2023-02-30,2023-01-20 01:00,No,0.0,,2023-01-20 01:00:00,invalid_date
SHP-001684,WH01,CUST-00171,2023-02-30,2024-05-20 17:00,No,0.0,,2024-05-20 17:00:00,invalid_date
SHP-001699,WH03,CUST-00053,invalid,2023-02-21 03:00,FALSE,0.0,,2023-02-21 03:00:00,invalid_date
SHP-000582,kewdale wh,CUST-00097,2024-13-45,2024-09-07 13:00,FALSE,0.0,,2024-09-07 13:00:00,invalid_date
SHP-004311,WH02,CUST-00008,invalid,2024-08-04 02:00,0,0.0,,2024-08-04 02:00:00,invalid_date
SHP-004383,Kewdale WH,CUST-00058,2024-13-45,2023-12-29 08:00,No,0.0,,2023-12-29 08:00:00,invalid_date
SHP-001141,WH03,CUST-00135,2024-13-45,2023-12-30 17:00,No,0.0,,2023-12-30 17:00:00,invalid_date
SHP-002259,WH01,CUST-00186,2024-13-45,2024-03-28 04:00,No,0.0,,2024-03-28 04:00:00,invalid_date
SHP-004976,fremantle wh,CUST-00041,2023-02-30,2023-12-07 23:00,Y,47.3,,2023-12-07 23:00:00,invalid_date
SHP-001924,Perth WH,CUST-00129,invalid,2024-12-06 16:00,0,0.0,,2024-12-06 16:00:00,invalid_date
SHP-004445,kewdale wh,CUST-00032,2024-13-45,2024-03-22 07:00,N,0.0,,2024-03-22 07:00:00,invalid_date
SHP-004838,perth wh,CUST-00049,2024-13-45,2024-06-06 08:00,1,32.6,,2024-06-06 08:00:00,invalid_date
SHP-002979,WH02,CUST-00147,2023-02-30,2023-01-07 07:00,Y,31.5,,2023-01-07 07:00:00,invalid_date
SHP-004356,Kewdale WH,CUST-00117,2024-13-45,2024-07-01 13:00,No,0.0,,2024-07-01 13:00:00,invalid_date
SHP-003504,WH01,CUST-00193,invalid,2024-04-26 05:00,N,0.0,,2024-04-26 05:00:00,invalid_date
SHP-003878,perth wh,CUST-00102,2023-02-30,2023-12-17 17:00,No,0.0,,2023-12-17 17:00:00,invalid_date
SHP-002831,WH01,CUST-00071,invalid,2023-11-02 08:00,0,0.0,,2023-11-02 08:00:00,invalid_date
SHP-002773,fremantle wh,CUST-00118,2023-02-30,2023-02-21 03:00,FALSE,0.0,,2023-02-21 03:00:00,invalid_date
SHP-004438,WH01,CUST-00177,2023-02-30,2023-06-13 13:00,N,0.0,,2023-06-13 13:00:00,invalid_date
SHP-004027,Kewdale WH,CUST-00054,2024-13-45,2023-12-18 02:00,No,0.0,,2023-12-18 02:00:00,invalid_date
SHP-000295,Perth WH,CUST-00009,invalid,2024-02-02 04:00,Y,4.2,,2024-02-02 04:00:00,invalid_date
SHP-004424,WH03,CUST-00006,2024-13-45,2023-12-02 23:00,true,23.0,,2023-12-02 23:00:00,invalid_date
SHP-004037,Perth WH,CUST-00165,2024-13-45,2024-01-12 05:00,N,0.0,,2024-01-12 05:00:00,invalid_date
SHP-002737,WH03,CUST-00168,invalid,2023-09-26 09:00,false,0.0,,2023-09-26 09:00:00,invalid_date
SHP-000245,Kewdale WH,CUST-00019,2023-02-30,2024-02-25 02:00,FALSE,0.0,,2024-02-25 02:00:00,invalid_date
SHP-003895,fremantle wh,CUST-00192,2024-13-45,2024-09-27 12:00,0,0.0,,2024-09-27 12:00:00,invalid_date
SHP-000939,WH03,CUST-00107,2024-13-45,2024-06-21 05:00,No,0.0,,2024-06-21 05:00:00,invalid_date
SHP-000154,WH01,CUST-00121,2023-02-30,2023-08-02 08:00,false,0.0,,2023-08-02 08:00:00,invalid_date
SHP-002052,Perth WH,CUST-00077,2023-02-30,2023-02-09 03:00,0,0.0,,2023-02-09 03:00:00,invalid_date
SHP-003301,WH02,CUST-00178,2023-02-30,2023-10-05 11:00,0,0.0,,2023-10-05 11:00:00,invalid_date
SHP-000286,WH02,CUST-00069,2023-02-30,2023-12-04 15:00,false,0.0,,2023-12-04 15:00:00,invalid_date
SHP-002080,Perth WH,CUST-00083,2024-13-45,2023-05-29 05:00,FALSE,0.0,,2023-05-29 05:00:00,invalid_date
SHP-004244,Fremantle WH,CUST-00163,invalid,2024-06-22 12:00,0,0.0,,2024-06-22 12:00:00,invalid_date
SHP-004758,Perth WH,CUST-00004,2023-02-30,2023-11-16 00:00,No,0.0,,2023-11-16 00:00:00,invalid_date
SHP-003031,WH02,CUST-00001,2023-02-30,2023-10-23 10:00,false,0.0,,2023-10-23 10:00:00,invalid_date
SHP-002862,WH02,CUST-00159,2023-02-30,2023-10-17 12:00,N,0.0,,2023-10-17 12:00:00,invalid_date
SHP-002350,Perth WH,CUST-00024,invalid,2023-09-19 03:00,FALSE,0.0,,2023-09-19 03:00:00,invalid_date
SHP-000993,kewdale wh,CUST-00195,invalid,2023-04-14 18:00,false,0.0,,2023-04-14 18:00:00,invalid_date
SHP-000873,Kewdale WH,CUST-00103,2024-13-45,2023-03-07 05:00,N,0.0,,2023-03-07 05:00:00,invalid_date
SHP-002959,Perth WH,CUST-00083,2023-02-30,2023-07-24 05:00,0,0.0,,2023-07-24 05:00:00,invalid_date
SHP-002027,perth wh,CUST-00107,invalid,2023-01-04 02:00,No,0.0,,2023-01-04 02:00:00,invalid_date
SHP-004655,Kewdale WH,CUST-00033,2024-13-45,2023-02-26 17:00,No,0.0,,2023-02-26 17:00:00,invalid_date
SHP-004325,WH03,CUST-00105,2024-13-45,2024-06-28 11:00,FALSE,0.0,,2024-06-28 11:00:00,invalid_date
SHP-000798,WH02,CUST-00159,2024-13-45,2024-08-03 01:00,No,0.0,,2024-08-03 01:00:00,invalid_date
SHP-001543,WH01,CUST-00129,2023-02-30,2023-11-12 19:00,No,0.0,,2023-11-12 19:00:00,invalid_date
SHP-000144,perth wh,CUST-00141,2024-13-45,2024-06-21 23:00,Y,23.0,,2024-06-21 23:00:00,invalid_date
SHP-004947,kewdale wh,CUST-00128,2023-02-30,2024-09-18 12:00,FALSE,0.0,,2024-09-18 12:00:00,invalid_date
SHP-000676,Kewdale WH,CUST-00072,invalid,2023-10-25 19:00,N,0.0,,2023-10-25 19:00:00,invalid_date
SHP-003970,Kewdale WH,CUST-00102,2024-13-45,2023-05-29 17:00,No,0.0,,2023-05-29 17:00:00,invalid_date
SHP-004612,Perth WH,CUST-00030,2023-02-30,2023-10-22 16:00,1,40.6,,2023-10-22 16:00:00,invalid_date
SHP-000570,Fremantle WH,CUST-00049,2024-13-45,2023-07-14 16:00,No,0.0,,2023-07-14 16:00:00,invalid_date
SHP-001817,Perth WH,CUST-00051,2023-02-30,2024-12-29 15:00,1,39.7,,2024-12-29 15:00:00,invalid_date
SHP-001046,Fremantle WH,CUST-00139,2024-13-45,2023-06-06 10:00,No,0.0,,2023-06-06 10:00:00,invalid_date
SHP-002962,WH02,CUST-00137,2023-02-30,2023-11-10 14:00,false,0.0,,2023-11-10 14:00:00,invalid_date
SHP-000489,Kewdale WH,CUST-00034,2024-13-45,2024-05-08 17:00,0,0.0,,2024-05-08 17:00:00,invalid_date
SHP-000147,Fremantle WH,CUST-00015,invalid,2024-03-28 00:00,No,0.0,,2024-03-28 00:00:00,invalid_date
SHP-002932,kewdale wh,CUST-00031,2024-13-45,2023-01-17 15:00,false,0.0,,2023-01-17 15:00:00,invalid_date
SHP-001060,Fremantle WH,CUST-00119,invalid,2024-04-17 15:00,N,0.0,,2024-04-17 15:00:00,invalid_date
SHP-003203,WH01,CUST-00016,2024-13-45,2023-06-06 07:00,N,0.0,,2023-06-06 07:00:00,invalid_date
SHP-000024,,CUST-00144,2023-03-10,2023-03-10 03:00,N,0.0,2023-03-10,2023-03-10 03:00:00,null_warehouse_id
SHP-001245,,CUST-00132,2023-09-12,2023-09-12 15:00,No,0.0,2023-09-12,2023-09-12 15:00:00,null_warehouse_id
SHP-001096,,CUST-00009,2024-03-11,2024-03-11 18:00,N,0.0,2024-03-11,2024-03-11 18:00:00,null_warehouse_id
SHP-000765,,CUST-00030,2023-05-26,2023-05-27 08:00,1,32.4,2023-05-26,2023-05-27 08:00:00,null_warehouse_id
SHP-001104,,CUST-00197,2023-06-22,2023-06-22 01:00,0,0.0,2023-06-22,2023-06-22 01:00:00,null_warehouse_id
SHP-000882,,CUST-00167,2024-04-27,2024-04-28 08:00,true,32.6,2024-04-27,2024-04-28 08:00:00,null_warehouse_id
SHP-003289,,CUST-00085,2024-04-06,2024-04-06 12:00,N,0.0,2024-04-06,2024-04-06 12:00:00,null_warehouse_id
SHP-003348,,CUST-00088,2023-11-30,2023-11-30 17:00,false,0.0,2023-11-30,2023-11-30 17:00:00,null_warehouse_id
SHP-004291,,CUST-00113,2023-10-26,2023-10-26 11:00,1,11.2,2023-10-26,2023-10-26 11:00:00,null_warehouse_id
SHP-000539,,CUST-00145,2024-11-05,2024-11-05 07:00,0,0.0,2024-11-05,2024-11-05 07:00:00,null_warehouse_id
SHP-001610,,CUST-00081,2024-11-07,2024-11-07 18:00,No,0.0,2024-11-07,2024-11-07 18:00:00,null_warehouse_id
SHP-004569,,CUST-00064,2024-12-28,2024-12-28 11:00,No,0.0,2024-12-28,2024-12-28 11:00:00,null_warehouse_id
SHP-004302,,CUST-00175,2023-12-27,2023-12-27 16:00,0,0.0,2023-12-27,2023-12-27 16:00:00,null_warehouse_id
SHP-PEAK-00430,,CUST-00033,2023-11-02,2023-11-02 06:00,false,0.0,2023-11-02,2023-11-02 06:00:00,null_warehouse_id
SHP-000158,,CUST-00092,2023-12-25,2023-12-25 08:00,false,0.0,2023-12-25,2023-12-25 08:00:00,null_warehouse_id
SHP-000600,,CUST-00022,2024-05-20,2024-05-21 15:00,Y,39.2,2024-05-20,2024-05-21 15:00:00,null_warehouse_id
SHP-000240,,CUST-00149,2023-06-21,2023-06-21 13:00,0,0.0,2023-06-21,2023-06-21 13:00:00,null_warehouse_id
SHP-004175,,CUST-00199,2024-06-23,2024-06-23 01:00,N,0.0,2024-06-23,2024-06-23 01:00:00,null_warehouse_id
SHP-000200,,CUST-00153,2024-10-11,2024-10-11 12:00,No,0.0,2024-10-11,2024-10-11 12:00:00,null_warehouse_id
SHP-PEAK-00118,,CUST-00053,2024-12-18,2024-12-18 10:00,No,0.0,2024-12-18,2024-12-18 10:00:00,null_warehouse_id
SHP-004041,,CUST-00015,2024-11-16,2024-11-16 15:00,N,0.0,2024-11-16,2024-11-16 15:00:00,null_warehouse_id
SHP-001989,,CUST-00089,2024-02-07,2024-02-07 12:00,false,0.0,2024-02-07,2024-02-07 12:00:00,null_warehouse_id
SHP-000427,,CUST-00046,2023-01-07,2023-01-07 00:00,No,0.0,2023-01-07,2023-01-07 00:00:00,null_warehouse_id
SHP-002663,,CUST-00029,2023-12-15,2023-12-15 01:00,0,0.0,2023-12-15,2023-12-15 01:00:00,null_warehouse_id
SHP-000394,,CUST-00132,2024-11-30,2024-11-30 07:00,No,0.0,2024-11-30,2024-11-30 07:00:00,null_warehouse_id
SHP-000169,,CUST-00193,2023-01-28,2023-01-28 04:00,false,0.0,2023-01-28,2023-01-28 04:00:00,null_warehouse_id
SHP-000706,,CUST-00156,2024-08-12,2024-08-12 01:00,false,0.0,2024-08-12,2024-08-12 01:00:00,null_warehouse_id
SHP-002446,,CUST-00088,2024-01-30,2024-01-30 22:00,1,22.2,2024-01-30,2024-01-30 22:00:00,null_warehouse_id
SHP-002146,,CUST-00109,2024-03-18,2024-03-18 02:00,N,0.0,2024-03-18,2024-03-18 02:00:00,null_warehouse_id
SHP-001437,,CUST-00130,2024-06-13,2024-06-13 15:00,false,0.0,2024-06-13,2024-06-13 15:00:00,null_warehouse_id
SHP-002345,,CUST-00014,2024-12-21,2024-12-21 00:00,N,0.0,2024-12-21,2024-12-21 00:00:00,null_warehouse_id
SHP-000080,,CUST-00047,2024-10-21,2024-10-21 05:00,No,0.0,2024-10-21,2024-10-21 05:00:00,null_warehouse_id
SHP-001742,,CUST-00161,2024-11-14,2024-11-14 13:00,N,0.0,2024-11-14,2024-11-14 13:00:00,null_warehouse_id
SHP-001865,,CUST-00159,2024-07-29,2024-07-29 08:00,TRUE,8.9,2024-07-29,2024-07-29 08:00:00,null_warehouse_id
SHP-001145,,CUST-00102,2023-06-12,2023-06-12 02:00,N,0.0,2023-06-12,2023-06-12 02:00:00,null_warehouse_id
SHP-000066,,CUST-00139,2023-05-20,2023-05-20 05:00,false,0.0,2023-05-20,2023-05-20 05:00:00,null_warehouse_id
SHP-001050,,CUST-00038,2023-03-01,2023-03-01 00:00,N,0.0,2023-03-01,2023-03-01 00:00:00,null_warehouse_id
SHP-000089,,CUST-00001,2023-05-28,2023-05-28 07:00,FALSE,0.0,2023-05-28,2023-05-28 07:00:00,null_warehouse_id
SHP-000502,,CUST-00138,2023-03-13,2023-03-13 05:00,0,0.0,2023-03-13,2023-03-13 05:00:00,null_warehouse_id
SHP-000280,,CUST-00019,2024-11-18,2024-11-18 05:00,N,0.0,2024-11-18,2024-11-18 05:00:00,null_warehouse_id
SHP-000562,,CUST-00116,2024-01-02,2024-01-02 18:00,N,0.0,2024-01-02,2024-01-02 18:00:00,null_warehouse_id
SHP-000995,,CUST-00180,2024-11-07,2024-11-07 14:00,false,0.0,2024-11-07,2024-11-07 14:00:00,null_warehouse_id
SHP-000682,,CUST-00017,2024-06-21,2024-06-21 00:00,N,0.0,2024-06-21,2024-06-21 00:00:00,null_warehouse_id
SHP-003427,,CUST-00108,2024-11-10,2024-11-10 23:00,true,23.8,2024-11-10,2024-11-10 23:00:00,null_warehouse_id
SHP-PEAK-00411,,CUST-00088,2023-11-30,2023-11-30 17:00,false,0.0,2023-11-30,2023-11-30 17:00:00,null_warehouse_id
SHP-003911,,CUST-00152,2024-01-20,2024-01-20 06:00,FALSE,0.0,2024-01-20,2024-01-20 06:00:00,null_warehouse_id
SHP-000009,,CUST-00016,2024-07-13,2024-07-13 12:00,FALSE,0.0,2024-07-13,2024-07-13 12:00:00,null_warehouse_id
SHP-PEAK-00468,,CUST-00096,2024-11-06,2024-11-06 14:00,No,0.0,2024-11-06,2024-11-06 14:00:00,null_warehouse_id
SHP-001074,,CUST-00067,2024-05-15,2024-05-15 11:00,FALSE,0.0,2024-05-15,2024-05-15 11:00:00,null_warehouse_id
SHP-000374,,CUST-00083,2023-07-18,2023-07-18 09:00,0,0.0,2023-07-18,2023-07-18 09:00:00,null_warehouse_id
SHP-000034,,CUST-00047,2024-11-06,2024-11-06 19:00,N,0.0,2024-11-06,2024-11-06 19:00:00,null_warehouse_id
SHP-003136,,CUST-00067,2024-04-16,2024-04-17 19:00,Y,43.1,2024-04-16,2024-04-17 19:00:00,null_warehouse_id
SHP-002068,,CUST-00101,2023-12-24,2023-12-24 13:00,N,0.0,2023-12-24,2023-12-24 13:00:00,null_warehouse_id
SHP-002987,,CUST-00109,2023-09-04,2023-09-04 00:00,N,0.0,2023-09-04,2023-09-04 00:00:00,null_warehouse_id
SHP-002094,,CUST-00110,2024-06-12,2024-06-12 13:00,0,0.0,2024-06-12,2024-06-12 13:00:00,null_warehouse_id
SHP-000531,,CUST-00191,2023-10-05,2023-10-05 14:00,No,0.0,2023-10-05,2023-10-05 14:00:00,null_warehouse_id
SHP-000466,,CUST-00090,2023-07-26,2023-07-26 01:00,No,0.0,2023-07-26,2023-07-26 01:00:00,null_warehouse_id
SHP-001236,,CUST-00184,2024-02-12,2024-02-12 18:00,No,0.0,2024-02-12,2024-02-12 18:00:00,null_warehouse_id
SHP-000241,,CUST-00018,2024-09-22,2024-09-22 11:00,FALSE,0.0,2024-09-22,2024-09-22 11:00:00,null_warehouse_id
SHP-001787,,CUST-00151,2023-10-20,2023-10-20 00:00,FALSE,0.0,2023-10-20,2023-10-20 00:00:00,null_warehouse_id
SHP-000298,,CUST-00158,2024-09-23,2024-09-23 12:00,true,12.3,2024-09-23,2024-09-23 12:00:00,null_warehouse_id
SHP-000085,,CUST-00154,2023-11-05,2023-11-05 19:00,N,0.0,2023-11-05,2023-11-05 19:00:00,null_warehouse_id
SHP-004085,,CUST-00071,2023-02-21,2023-02-21 10:00,0,0.0,2023-02-21,2023-02-21 10:00:00,null_warehouse_id
SHP-001130,,CUST-00057,2023-11-04,2023-11-04 05:00,false,0.0,2023-11-04,2023-11-04 05:00:00,null_warehouse_id
SHP-004826,,CUST-00078,2023-07-23,2023-07-23 04:00,FALSE,0.0,2023-07-23,2023-07-23 04:00:00,null_warehouse_id
SHP-000423,,CUST-00134,2024-04-27,2024-04-27 01:00,0,0.0,2024-04-27,2024-04-27 01:00:00,null_warehouse_id
SHP-003387,,CUST-00200,2023-03-24,2023-03-24 11:00,0,0.0,2023-03-24,2023-03-24 11:00:00,null_warehouse_id
SHP-001176,,CUST-00042,2023-09-02,2023-09-02 15:00,N,0.0,2023-09-02,2023-09-02 15:00:00,null_warehouse_id
SHP-000145,,CUST-00084,2023-06-06,2023-06-06 01:00,0,0.0,2023-06-06,2023-06-06 01:00:00,null_warehouse_id
SHP-002269,,CUST-00067,2023-04-27,2023-04-28 07:00,true,31.8,2023-04-27,2023-04-28 07:00:00,null_warehouse_id
SHP-000249,,CUST-00181,2023-01-12,2023-01-12 13:00,N,0.0,2023-01-12,2023-01-12 13:00:00,null_warehouse_id
SHP-004130,,CUST-00060,2023-12-05,2023-12-05 09:00,N,0.0,2023-12-05,2023-12-05 09:00:00,null_warehouse_id
SHP-001045,,CUST-00091,2024-12-11,2024-12-11 04:00,No,0.0,2024-12-11,2024-12-11 04:00:00,null_warehouse_id
SHP-001695,,CUST-00058,2023-03-13,2023-03-13 08:00,false,0.0,2023-03-13,2023-03-13 08:00:00,null_warehouse_id
SHP-000030,,CUST-00173,2024-12-14,2024-12-14 06:00,FALSE,0.0,2024-12-14,2024-12-14 06:00:00,null_warehouse_id
SHP-003650,,CUST-00082,2024-12-20,2024-12-21 08:00,TRUE,32.9,2024-12-20,2024-12-21 08:00:00,null_warehouse_id
SHP-001635,,CUST-00096,2024-11-06,2024-11-06 14:00,No,0.0,2024-11-06,2024-11-06 14:00:00,null_warehouse_id
SHP-003572,,CUST-00179,2024-08-26,2024-08-26 07:00,N,0.0,2024-08-26,2024-08-26 07:00:00,null_warehouse_id
SHP-000625,,CUST-00147,2024-05-09,2024-05-09 14:00,0,0.0,2024-05-09,2024-05-09 14:00:00,null_warehouse_id
SHP-000578,,CUST-00161,2024-09-30,2024-09-30 03:00,FALSE,0.0,2024-09-30,2024-09-30 03:00:00,null_warehouse_id
SHP-002143,,CUST-00142,2024-10-12,2024-10-12 06:00,N,0.0,2024-10-12,2024-10-12 06:00:00,null_warehouse_id
SHP-PEAK-00408,,CUST-00121,2023-11-29,2023-11-29 09:00,N,0.0,2023-11-29,2023-11-29 09:00:00,null_warehouse_id
SHP-000152,,CUST-00021,2024-08-06,2024-08-06 12:00,No,0.0,2024-08-06,2024-08-06 12:00:00,null_warehouse_id
SHP-003131,,CUST-00107,2024-10-03,2024-10-03 09:00,false,0.0,2024-10-03,2024-10-03 09:00:00,null_warehouse_id
SHP-000965,,CUST-00137,2024-08-07,2024-08-07 18:00,N,0.0,2024-08-07,2024-08-07 18:00:00,null_warehouse_id
SHP-000492,,CUST-00036,2024-07-21,2024-07-21 16:00,FALSE,0.0,2024-07-21,2024-07-21 16:00:00,null_warehouse_id
SHP-001621,,CUST-00113,2024-06-10,2024-06-10 16:00,TRUE,16.7,2024-06-10,2024-06-10 16:00:00,null_warehouse_id
SHP-000472,,CUST-00146,2024-05-18,2024-05-18 07:00,No,0.0,2024-05-18,2024-05-18 07:00:00,null_warehouse_id
SHP-000228,,CUST-00180,2023-07-02,2023-07-03 17:00,TRUE,41.6,2023-07-02,2023-07-03 17:00:00,null_warehouse_id
SHP-001832,,CUST-00066,2024-08-14,2024-08-14 02:00,0,0.0,2024-08-14,2024-08-14 02:00:00,null_warehouse_id
SHP-000107,,CUST-00187,2023-01-29,2023-01-29 07:00,0,0.0,2023-01-29,2023-01-29 07:00:00,null_warehouse_id
SHP-PEAK-00180,,CUST-00015,2024-11-16,2024-11-16 15:00,N,0.0,2024-11-16,2024-11-16 15:00:00,null_warehouse_id
SHP-003853,,CUST-00067,2023-03-10,2023-03-10 04:00,FALSE,0.0,2023-03-10,2023-03-10 04:00:00,null_warehouse_id
SHP-000692,,CUST-00028,2024-12-16,2024-12-16 14:00,N,0.0,2024-12-16,2024-12-16 14:00:00,null_warehouse_id
SHP-000180,,CUST-00147,2024-08-10,2024-08-10 03:00,FALSE,0.0,2024-08-10,2024-08-10 03:00:00,null_warehouse_id
SHP-001481,,CUST-00028,2024-01-17,2024-01-17 13:00,No,0.0,2024-01-17,2024-01-17 13:00:00,null_warehouse_id
SHP-001771,,CUST-00178,2023-02-09,2023-02-09 16:00,No,0.0,2023-02-09,2023-02-09 16:00:00,null_warehouse_id
SHP-000498,,CUST-00039,2024-03-19,2024-03-19 02:00,false,0.0,2024-03-19,2024-03-19 02:00:00,null_warehouse_id
SHP-002766,,CUST-00100,2023-12-16,2023-12-16 13:00,FALSE,0.0,2023-12-16,2023-12-16 13:00:00,null_warehouse_id
SHP-002136,,ORPHAN-21,2024-06-18,2024-06-18 04:00,FALSE,0.0,2024-06-18,2024-06-18 04:00:00,null_warehouse_id
SHP-001671,,CUST-00010,2023-09-18,2023-09-18 08:00,No,0.0,2023-09-18,2023-09-18 08:00:00,null_warehouse_id
SHP-000487,,CUST-00119,2023-09-13,2023-09-13 02:00,N,0.0,2023-09-13,2023-09-13 02:00:00,null_warehouse_id
SHP-002537,,CUST-00199,2023-03-13,2023-03-13 14:00,N,0.0,2023-03-13,2023-03-13 14:00:00,null_warehouse_id
SHP-000725,,CUST-00114,2023-08-01,2023-08-01 19:00,TRUE,19.5,2023-08-01,2023-08-01 19:00:00,null_warehouse_id
SHP-000766,,CUST-00163,2024-09-02,2024-09-02 08:00,0,0.0,2024-09-02,2024-09-02 08:00:00,null_warehouse_id
SHP-004809,,CUST-00081,2024-04-14,2024-04-14 04:00,No,0.0,2024-04-14,2024-04-14 04:00:00,null_warehouse_id
SHP-001882,,CUST-00044,2023-02-18,2023-02-18 15:00,N,0.0,2023-02-18,2023-02-18 15:00:00,null_warehouse_id
SHP-003264,,CUST-00093,2024-12-05,2024-12-05 00:00,N,0.0,2024-12-05,2024-12-05 00:00:00,null_warehouse_id
SHP-000229,,CUST-00137,2024-07-07,2024-07-07 08:00,N,0.0,2024-07-07,2024-07-07 08:00:00,null_warehouse_id
SHP-000912,,CUST-00192,2024-04-21,2024-04-21 00:00,0,0.0,2024-04-21,2024-04-21 00:00:00,null_warehouse_id
SHP-003482,,CUST-00168,2023-01-09,2023-01-09 12:00,No,0.0,2023-01-09,2023-01-09 12:00:00,null_warehouse_id
SHP-003470,,CUST-00192,2024-06-29,2024-06-29 02:00,FALSE,0.0,2024-06-29,2024-06-29 02:00:00,null_warehouse_id
SHP-001906,,CUST-00057,2023-09-28,2023-09-28 19:00,false,0.0,2023-09-28,2023-09-28 19:00:00,null_warehouse_id
SHP-000849,,CUST-00094,2024-01-07,2024-01-07 02:00,false,0.0,2024-01-07,2024-01-07 02:00:00,null_warehouse_id
SHP-PEAK-00755,,CUST-00175,2023-12-27,2023-12-27 16:00,0,0.0,2023-12-27,2023-12-27 16:00:00,null_warehouse_id
SHP-000486,,CUST-00187,2024-09-19,2024-09-19 10:00,0,0.0,2024-09-19,2024-09-19 10:00:00,null_warehouse_id
SHP-000101,,CUST-00022,2024-06-04,2024-06-04 12:00,0,0.0,2024-06-04,2024-06-04 12:00:00,null_warehouse_id
SHP-PEAK-00448,,CUST-00118,2023-11-07,2023-11-07 04:00,FALSE,0.0,2023-11-07,2023-11-07 04:00:00,null_warehouse_id
SHP-004196,,CUST-00145,2024-05-23,2024-05-23 19:00,0,0.0,2024-05-23,2024-05-23 19:00:00,null_warehouse_id
SHP-PEAK-00438,,CUST-00132,2024-11-30,2024-11-30 07:00,No,0.0,2024-11-30,2024-11-30 07:00:00,null_warehouse_id
SHP-000830,,CUST-00137,2023-08-24,2023-08-24 04:00,No,0.0,2023-08-24,2023-08-24 04:00:00,null_warehouse_id
SHP-004952,,CUST-00010,2024-12-21,2024-12-21 12:00,N,0.0,2024-12-21,2024-12-21 12:00:00,null_warehouse_id
SHP-004653,,CUST-00005,2023-12-31,2023-12-31 09:00,false,0.0,2023-12-31,2023-12-31 09:00:00,null_warehouse_id
SHP-000643,,CUST-00004,2023-03-20,2023-03-20 01:00,No,0.0,2023-03-20,2023-03-20 01:00:00,null_warehouse_id
SHP-000654,,CUST-00028,2023-06-01,2023-06-01 18:00,0,0.0,2023-06-01,2023-06-01 18:00:00,null_warehouse_id
SHP-000839,,CUST-00155,2023-10-08,2023-10-08 10:00,No,0.0,2023-10-08,2023-10-08 10:00:00,null_warehouse_id
SHP-000857,,CUST-00167,2023-03-10,2023-03-10 08:00,TRUE,8.0,2023-03-10,2023-03-10 08:00:00,null_warehouse_id
SHP-PEAK-00628,,CUST-00064,2024-12-28,2024-12-28 11:00,No,0.0,2024-12-28,2024-12-28 11:00:00,null_warehouse_id
SHP-001488,,CUST-00039,2024-01-13,2024-01-13 05:00,No,0.0,2024-01-13,2024-01-13 05:00:00,null_warehouse_id
SHP-004711,,CUST-00181,2023-12-02,2023-12-02 05:00,No,0.0,2023-12-02,2023-12-02 05:00:00,null_warehouse_id
SHP-004504,,CUST-00022,2024-04-24,2024-04-24 12:00,false,0.0,2024-04-24,2024-04-24 12:00:00,null_warehouse_id
SHP-003835,,CUST-00111,2023-05-13,2023-05-13 12:00,N,0.0,2023-05-13,2023-05-13 12:00:00,null_warehouse_id
SHP-001663,,CUST-00103,2024-12-04,2024-12-04 14:00,No,0.0,2024-12-04,2024-12-04 14:00:00,null_warehouse_id
SHP-000458,,CUST-00067,2024-07-10,2024-07-10 19:00,0,0.0,2024-07-10,2024-07-10 19:00:00,null_warehouse_id
SHP-001502,,CUST-00186,2024-04-18,2024-04-18 09:00,FALSE,0.0,2024-04-18,2024-04-18 09:00:00,null_warehouse_id
SHP-002228,,CUST-00029,2024-06-30,2024-06-30 12:00,No,0.0,2024-06-30,2024-06-30 12:00:00,null_warehouse_id
SHP-001324,,CUST-00118,2023-10-30,2023-10-30 04:00,FALSE,0.0,2023-10-30,2023-10-30 04:00:00,null_warehouse_id
SHP-000678,,CUST-00098,2024-06-17,2024-06-17 18:00,N,0.0,2024-06-17,2024-06-17 18:00:00,null_warehouse_id
SHP-004654,,CUST-00086,2024-03-10,2024-03-11 05:00,1,29.9,2024-03-10,2024-03-11 05:00:00,null_warehouse_id
SHP-000804,,CUST-00094,2023-01-31,2023-01-31 15:00,No,0.0,2023-01-31,2023-01-31 15:00:00,null_warehouse_id
SHP-001345,,CUST-00164,2024-03-03,2024-03-03 00:00,0,0.0,2024-03-03,2024-03-03 00:00:00,null_warehouse_id
SHP-PEAK-00267,,CUST-00093,2023-12-05,2023-12-05 17:00,FALSE,0.0,2023-12-05,2023-12-05 17:00:00,null_warehouse_id
SHP-004928,,CUST-00032,2023-06-23,2023-06-24 02:00,Y,26.0,2023-06-23,2023-06-24 02:00:00,null_warehouse_id
SHP-002674,,CUST-00073,2023-07-12,2023-07-12 14:00,0,0.0,2023-07-12,2023-07-12 14:00:00,null_warehouse_id
SHP-000732,,CUST-00169,2024-06-27,2024-06-27 10:00,FALSE,0.0,2024-06-27,2024-06-27 10:00:00,null_warehouse_id
SHP-001651,,CUST-00119,2024-03-30,2024-03-30 07:00,1,7.5,2024-03-30,2024-03-30 07:00:00,null_warehouse_id
SHP-001555,,CUST-00008,2024-01-07,2024-01-07 17:00,true,17.8,2024-01-07,2024-01-07 17:00:00,null_warehouse_id
SHP-004343,,CUST-00189,2024-04-19,2024-04-19 17:00,0,0.0,2024-04-19,2024-04-19 17:00:00,null_warehouse_id
SHP-001719,,CUST-00181,2024-12-16,2024-12-16 02:00,FALSE,0.0,2024-12-16,2024-12-16 02:00:00,null_warehouse_id
SHP-PEAK-00126,,CUST-00145,2024-11-07,2024-11-07 13:00,No,0.0,2024-11-07,2024-11-07 13:00:00,null_warehouse_id
SHP-001469,,CUST-00179,2024-02-23,2024-02-23 15:00,FALSE,0.0,2024-02-23,2024-02-23 15:00:00,null_warehouse_id
SHP-001739,,CUST-00056,2024-12-01,2024-12-01 12:00,0,0.0,2024-12-01,2024-12-01 12:00:00,null_warehouse_id
SHP-001035,,CUST-00093,2023-09-30,2023-09-30 12:00,false,0.0,2023-09-30,2023-09-30 12:00:00,null_warehouse_id
SHP-002946,,CUST-00166,2024-06-06,2024-06-06 15:00,No,0.0,2024-06-06,2024-06-06 15:00:00,null_warehouse_id
SHP-000829,,CUST-00052,2024-04-05,2024-04-05 13:00,FALSE,0.0,2024-04-05,2024-04-05 13:00:00,null_warehouse_id
SHP-001201,,CUST-00162,2024-11-18,2024-11-18 07:00,TRUE,7.6,2024-11-18,2024-11-18 07:00:00,null_warehouse_id
SHP-003320,,CUST-00082,2024-01-12,2024-01-12 06:00,FALSE,0.0,2024-01-12,2024-01-12 06:00:00,null_warehouse_id
SHP-004115,,CUST-00052,2023-05-26,2023-05-26 18:00,1,18.4,2023-05-26,2023-05-26 18:00:00,null_warehouse_id
SHP-001393,,CUST-00075,2024-05-07,2024-05-07 10:00,N,0.0,2024-05-07,2024-05-07 10:00:00,null_warehouse_id
SHP-001666,,CUST-00029,2023-06-03,2023-06-03 13:00,false,0.0,2023-06-03,2023-06-03 13:00:00,null_warehouse_id
SHP-003353,,CUST-00011,2024-08-26,2024-08-26 03:00,false,0.0,2024-08-26,2024-08-26 03:00:00,null_warehouse_id
SHP-000928,,CUST-00059,2024-12-01,2024-12-01 17:00,Yes,17.3,2024-12-01,2024-12-01 17:00:00,null_warehouse_id
SHP-001887,,CUST-00063,2023-01-30,2023-01-30 16:00,0,0.0,2023-01-30,2023-01-30 16:00:00,null_warehouse_id
SHP-001778,,CUST-00056,2023-04-09,2023-04-09 18:00,No,0.0,2023-04-09,2023-04-09 18:00:00,null_warehouse_id
SHP-PEAK-00193,,CUST-00161,2023-11-29,2023-11-29 01:00,false,0.0,2023-11-29,2023-11-29 01:00:00,null_warehouse_id
SHP-001019,,CUST-00117,2023-03-15,2023-03-15 03:00,No,0.0,2023-03-15,2023-03-15 03:00:00,null_warehouse_id
SHP-003952,,CUST-00069,2023-01-22,2023-01-22 06:00,No,0.0,2023-01-22,2023-01-22 06:00:00,null_warehouse_id
SHP-004580,,CUST-00045,2023-12-18,2023-12-18 16:00,FALSE,0.0,2023-12-18,2023-12-18 16:00:00,null_warehouse_id
SHP-002118,,CUST-00103,2023-08-11,2023-08-11 04:00,No,0.0,2023-08-11,2023-08-11 04:00:00,null_warehouse_id
SHP-002836,,CUST-00011,2023-07-22,2023-07-23 08:00,Y,32.7,2023-07-22,2023-07-23 08:00:00,null_warehouse_id
SHP-004238,,CUST-00014,2023-07-13,2023-07-14 19:00,Yes,43.2,2023-07-13,2023-07-14 19:00:00,null_warehouse_id
SHP-003969,,CUST-00113,2024-07-11,2024-07-11 03:00,N,0.0,2024-07-11,2024-07-11 03:00:00,null_warehouse_id
SHP-PEAK-00121,,CUST-00175,2023-12-27,2023-12-27 16:00,0,0.0,2023-12-27,2023-12-27 16:00:00,null_warehouse_id
SHP-001339,,CUST-00184,2024-05-29,2024-05-29 08:00,No,0.0,2024-05-29,2024-05-29 08:00:00,null_warehouse_id
SHP-001753,,CUST-00031,2023-03-09,2023-03-09 09:00,No,0.0,2023-03-09,2023-03-09 09:00:00,null_warehouse_id
SHP-004029,,CUST-00106,2024-08-09,2024-08-09 12:00,false,0.0,2024-08-09,2024-08-09 12:00:00,null_warehouse_id
SHP-002116,,CUST-00012,2023-12-05,2023-12-05 21:00,true,21.1,2023-12-05,2023-12-05 21:00:00,null_warehouse_id
SHP-001205,,CUST-00001,2024-09-09,2024-09-09 14:00,false,0.0,2024-09-09,2024-09-09 14:00:00,null_warehouse_id
SHP-003581,,CUST-00124,2023-10-24,2023-10-24 19:00,TRUE,19.6,2023-10-24,2023-10-24 19:00:00,null_warehouse_id
SHP-001425,,CUST-00132,2024-01-18,2024-01-19 20:00,Yes,44.8,2024-01-18,2024-01-19 20:00:00,null_warehouse_id
SHP-002686,,CUST-00195,2024-04-30,2024-04-30 16:00,No,0.0,2024-04-30,2024-04-30 16:00:00,null_warehouse_id
SHP-001414,,CUST-00083,2023-02-13,2023-02-13 18:00,FALSE,0.0,2023-02-13,2023-02-13 18:00:00,null_warehouse_id
SHP-PEAK-00781,,CUST-00082,2024-12-20,2024-12-21 08:00,TRUE,32.9,2024-12-20,2024-12-21 08:00:00,null_warehouse_id
SHP-001593,,CUST-00088,2024-05-20,2024-05-20 01:00,false,0.0,2024-05-20,2024-05-20 01:00:00,null_warehouse_id
SHP-003836,,CUST-00118,2023-11-07,2023-11-07 04:00,FALSE,0.0,2023-11-07,2023-11-07 04:00:00,null_warehouse_id
SHP-001418,,CUST-00003,2024-02-01,2024-02-01 13:00,0,0.0,2024-02-01,2024-02-01 13:00:00,null_warehouse_id
SHP-002898,,CUST-00136,2024-10-11,2024-10-11 03:00,FALSE,0.0,2024-10-11,2024-10-11 03:00:00,null_warehouse_id
SHP-003918,,CUST-00127,2024-10-16,2024-10-16 08:00,0,0.0,2024-10-16,2024-10-16 08:00:00,null_warehouse_id
SHP-004199,,CUST-00121,2023-11-29,2023-11-29 09:00,N,0.0,2023-11-29,2023-11-29 09:00:00,null_warehouse_id
SHP-001706,,CUST-00081,2024-12-02,2024-12-02 05:00,N,0.0,2024-12-02,2024-12-02 05:00:00,null_warehouse_id
SHP-002706,,CUST-00057,2024-10-23,2024-10-23 16:00,FALSE,0.0,2024-10-23,2024-10-23 16:00:00,null_warehouse_id
SHP-002877,,CUST-00017,2024-02-22,2024-02-22 19:00,false,0.0,2024-02-22,2024-02-22 19:00:00,null_warehouse_id
SHP-002017,,CUST-00073,2024-07-28,2024-07-28 14:00,0,0.0,2024-07-28,2024-07-28 14:00:00,null_warehouse_id
SHP-002655,,CUST-00145,2023-11-21,2023-11-21 18:00,FALSE,0.0,2023-11-21,2023-11-21 18:00:00,null_warehouse_id
SHP-001630,,CUST-00056,2024-11-28,2024-11-28 00:00,0,0.0,2024-11-28,2024-11-28 00:00:00,null_warehouse_id
SHP-PEAK-00444,,CUST-00145,2024-11-07,2024-11-07 13:00,No,0.0,2024-11-07,2024-11-07 13:00:00,null_warehouse_id
SHP-004458,,CUST-00182,2023-01-22,2023-01-22 11:00,N,0.0,2023-01-22,2023-01-22 11:00:00,null_warehouse_id
SHP-002742,,CUST-00175,2023-12-06,2023-12-06 11:00,FALSE,0.0,2023-12-06,2023-12-06 11:00:00,null_warehouse_id
SHP-001591,,CUST-00132,2023-03-24,2023-03-24 02:00,FALSE,0.0,2023-03-24,2023-03-24 02:00:00,null_warehouse_id
SHP-002722,,CUST-00112,2023-02-23,2023-02-23 15:00,N,0.0,2023-02-23,2023-02-23 15:00:00,null_warehouse_id
SHP-001715,,CUST-00027,2024-06-15,2024-06-15 18:00,FALSE,0.0,2024-06-15,2024-06-15 18:00:00,null_warehouse_id
SHP-002218,,CUST-00008,2023-07-15,2023-07-15 00:00,N,0.0,2023-07-15,2023-07-15 00:00:00,null_warehouse_id
SHP-002173,,CUST-00039,2023-09-02,2023-09-02 08:00,FALSE,0.0,2023-09-02,2023-09-02 08:00:00,null_warehouse_id
SHP-003341,,CUST-00183,2024-02-16,2024-02-16 06:00,FALSE,0.0,2024-02-16,2024-02-16 06:00:00,null_warehouse_id
SHP-003129,,CUST-00011,2024-08-27,2024-08-27 17:00,0,0.0,2024-08-27,2024-08-27 17:00:00,null_warehouse_id
SHP-004418,,CUST-00185,2024-06-25,2024-06-25 19:00,FALSE,0.0,2024-06-25,2024-06-25 19:00:00,null_warehouse_id
SHP-002992,,CUST-00124,2024-10-03,2024-10-03 10:00,FALSE,0.0,2024-10-03,2024-10-03 10:00:00,null_warehouse_id
SHP-003337,,CUST-00168,2023-04-06,2023-04-06 18:00,No,0.0,2023-04-06,2023-04-06 18:00:00,null_warehouse_id
SHP-003698,,CUST-00023,2024-12-06,2024-12-06 06:00,false,0.0,2024-12-06,2024-12-06 06:00:00,null_warehouse_id
SHP-002581,,CUST-00167,2023-10-24,2023-10-24 15:00,N,0.0,2023-10-24,2023-10-24 15:00:00,null_warehouse_id
SHP-PEAK-00036,,CUST-00100,2023-12-16,2023-12-16 13:00,FALSE,0.0,2023-12-16,2023-12-16 13:00:00,null_warehouse_id
SHP-004103,,CUST-00009,2023-03-13,2023-03-13 12:00,N,0.0,2023-03-13,2023-03-13 12:00:00,null_warehouse_id
SHP-003686,,CUST-00095,2024-08-29,2024-08-29 13:00,false,0.0,2024-08-29,2024-08-29 13:00:00,null_warehouse_id
SHP-002221,,CUST-00144,2023-09-09,2023-09-09 03:00,0,0.0,2023-09-09,2023-09-09 03:00:00,null_warehouse_id
SHP-PEAK-00253,,CUST-00059,2024-12-01,2024-12-01 17:00,Yes,17.3,2024-12-01,2024-12-01 17:00:00,null_warehouse_id
SHP-002750,,CUST-00105,2024-11-23,2024-11-23 12:00,No,0.0,2024-11-23,2024-11-23 12:00:00,null_warehouse_id
SHP-002267,,CUST-00129,2023-03-15,2023-03-15 14:00,0,0.0,2023-03-15,2023-03-15 14:00:00,null_warehouse_id
SHP-PEAK-00597,,CUST-00082,2024-12-20,2024-12-21 08:00,TRUE,32.9,2024-12-20,2024-12-21 08:00:00,null_warehouse_id
SHP-003208,,CUST-00178,2024-04-05,2024-04-05 02:00,false,0.0,2024-04-05,2024-04-05 02:00:00,null_warehouse_id
SHP-003972,,CUST-00079,2023-12-09,2023-12-09 12:00,0,0.0,2023-12-09,2023-12-09 12:00:00,null_warehouse_id
SHP-003774,,CUST-00142,2024-12-08,2024-12-08 14:00,FALSE,0.0,2024-12-08,2024-12-08 14:00:00,null_warehouse_id
SHP-PEAK-00774,,CUST-00029,2023-12-15,2023-12-15 01:00,0,0.0,2023-12-15,2023-12-15 01:00:00,null_warehouse_id
SHP-004437,,CUST-00093,2023-12-05,2023-12-05 17:00,FALSE,0.0,2023-12-05,2023-12-05 17:00:00,null_warehouse_id
SHP-002697,,CUST-00004,2023-06-07,2023-06-07 02:00,N,0.0,2023-06-07,2023-06-07 02:00:00,null_warehouse_id
SHP-002308,,CUST-00042,2023-09-27,2023-09-27 03:00,N,0.0,2023-09-27,2023-09-27 03:00:00,null_warehouse_id
SHP-002728,,CUST-00080,2024-01-10,2024-01-10 17:00,N,0.0,2024-01-10,2024-01-10 17:00:00,null_warehouse_id
SHP-004039,,CUST-00036,2023-10-13,2023-10-14 01:00,true,25.0,2023-10-13,2023-10-14 01:00:00,null_warehouse_id
SHP-004231,,CUST-00117,2023-06-10,2023-06-10 09:00,0,0.0,2023-06-10,2023-06-10 09:00:00,null_warehouse_id
SHP-004222,,CUST-00145,2024-11-07,2024-11-07 13:00,No,0.0,2024-11-07,2024-11-07 13:00:00,null_warehouse_id
SHP-003194,,CUST-00085,2024-09-22,2024-09-22 11:00,N,0.0,2024-09-22,2024-09-22 11:00:00,null_warehouse_id
SHP-004779,,CUST-00120,2024-09-03,2024-09-03 18:00,N,0.0,2024-09-03,2024-09-03 18:00:00,null_warehouse_id
SHP-003735,,CUST-00111,2023-03-30,2023-03-30 08:00,No,0.0,2023-03-30,2023-03-30 08:00:00,null_warehouse_id
SHP-002975,,CUST-00032,2023-07-12,2023-07-12 10:00,0,0.0,2023-07-12,2023-07-12 10:00:00,null_warehouse_id
SHP-003092,,CUST-00033,2023-11-02,2023-11-02 06:00,false,0.0,2023-11-02,2023-11-02 06:00:00,null_warehouse_id
SHP-004177,,CUST-00155,2024-08-19,2024-08-19 14:00,false,0.0,2024-08-19,2024-08-19 14:00:00,null_warehouse_id
SHP-003621,,CUST-00048,2024-06-14,2024-06-14 07:00,N,0.0,2024-06-14,2024-06-14 07:00:00,null_warehouse_id
SHP-PEAK-00470,,CUST-00019,2024-11-18,2024-11-18 05:00,N,0.0,2024-11-18,2024-11-18 05:00:00,null_warehouse_id
SHP-003258,,CUST-00114,2024-01-01,2024-01-01 03:00,N,0.0,2024-01-01,2024-01-01 03:00:00,null_warehouse_id
SHP-PEAK-00600,,CUST-00121,2023-11-29,2023-11-29 09:00,N,0.0,2023-11-29,2023-11-29 09:00:00,null_warehouse_id
SHP-003244,,CUST-00052,2024-08-15,2024-08-15 11:00,No,0.0,2024-08-15,2024-08-15 11:00:00,null_warehouse_id
SHP-002884,,CUST-00085,2023-07-02,2023-07-02 09:00,FALSE,0.0,2023-07-02,2023-07-02 09:00:00,null_warehouse_id
SHP-PEAK-00324,,CUST-00033,2023-11-02,2023-11-02 06:00,false,0.0,2023-11-02,2023-11-02 06:00:00,null_warehouse_id
SHP-003659,,CUST-00178,2024-02-19,2024-02-19 03:00,false,0.0,2024-02-19,2024-02-19 03:00:00,null_warehouse_id
SHP-003356,,CUST-00053,2024-12-18,2024-12-18 10:00,No,0.0,2024-12-18,2024-12-18 10:00:00,null_warehouse_id
SHP-003766,,CUST-00063,2024-07-09,2024-07-09 07:00,Yes,7.7,2024-07-09,2024-07-09 07:00:00,null_warehouse_id
SHP-003085,,CUST-00068,2023-03-23,2023-03-23 05:00,false,0.0,2023-03-23,2023-03-23 05:00:00,null_warehouse_id
SHP-004777,,CUST-00124,2023-12-12,2023-12-12 03:00,N,0.0,2023-12-12,2023-12-12 03:00:00,null_warehouse_id
SHP-PEAK-00649,,CUST-00081,2024-11-07,2024-11-07 18:00,No,0.0,2024-11-07,2024-11-07 18:00:00,null_warehouse_id
SHP-003691,,CUST-00109,2024-04-08,2024-04-08 16:00,false,0.0,2024-04-08,2024-04-08 16:00:00,null_warehouse_id
SHP-003888,,CUST-00147,2024-08-27,2024-08-27 10:00,No,0.0,2024-08-27,2024-08-27 10:00:00,null_warehouse_id
SHP-003151,,CUST-00002,2024-03-03,2024-03-03 17:00,false,0.0,2024-03-03,2024-03-03 17:00:00,null_warehouse_id
SHP-002965,,CUST-00179,2023-09-15,2023-09-15 16:00,FALSE,0.0,2023-09-15,2023-09-15 16:00:00,null_warehouse_id
SHP-003985,,CUST-00110,2023-03-03,2023-03-03 00:00,false,0.0,2023-03-03,2023-03-03 00:00:00,null_warehouse_id
SHP-PEAK-00513,,CUST-00010,2024-12-21,2024-12-21 12:00,N,0.0,2024-12-21,2024-12-21 12:00:00,null_warehouse_id
SHP-003173,,CUST-00198,2023-12-19,2023-12-19 03:00,false,0.0,2023-12-19,2023-12-19 03:00:00,null_warehouse_id
SHP-PEAK-00371,,CUST-00005,2023-12-31,2023-12-31 09:00,false,0.0,2023-12-31,2023-12-31 09:00:00,null_warehouse_id
SHP-003614,,CUST-00161,2023-11-29,2023-11-29 01:00,false,0.0,2023-11-29,2023-11-29 01:00:00,null_warehouse_id
SHP-PEAK-00190,,CUST-00103,2024-12-04,2024-12-04 14:00,No,0.0,2024-12-04,2024-12-04 14:00:00,null_warehouse_id
SHP-003180,,CUST-00174,2024-01-04,2024-01-04 05:00,FALSE,0.0,2024-01-04,2024-01-04 05:00:00,null_warehouse_id
SHP-PEAK-00609,,CUST-00053,2024-12-18,2024-12-18 10:00,No,0.0,2024-12-18,2024-12-18 10:00:00,null_warehouse_id
SHP-004294,,ORPHAN-14,2024-04-05,2024-04-05 09:00,false,0.0,2024-04-05,2024-04-05 09:00:00,null_warehouse_id
SHP-003023,,CUST-00014,2023-08-23,2023-08-23 17:00,true,17.1,2023-08-23,2023-08-23 17:00:00,null_warehouse_id
SHP-003486,,CUST-00040,2024-09-23,2024-09-23 18:00,No,0.0,2024-09-23,2024-09-23 18:00:00,null_warehouse_id
SHP-004161,,CUST-00055,2023-11-06,2023-11-06 02:00,N,0.0,2023-11-06,2023-11-06 02:00:00,null_warehouse_id
SHP-004841,,CUST-00166,2024-06-27,2024-06-27 04:00,FALSE,0.0,2024-06-27,2024-06-27 04:00:00,null_warehouse_id
SHP-001745,,CUST-00039,2024-04-03,2024-04-03 12:00,0,0.0,2024-04-03,2024-04-03 12:00:00,null_warehouse_id
SHP-PEAK-00256,,CUST-00154,2023-11-05,2023-11-05 19:00,N,0.0,2023-11-05,2023-11-05 19:00:00,null_warehouse_id
SHP-PEAK-00510,,CUST-00053,2024-12-18,2024-12-18 10:00,No,0.0,2024-12-18,2024-12-18 10:00:00,null_warehouse_id
SHP-PEAK-00346,,CUST-00082,2024-12-20,2024-12-21 08:00,TRUE,32.9,2024-12-20,2024-12-21 08:00:00,null_warehouse_id
SHP-004000,,CUST-00082,2024-09-26,2024-09-26 07:00,0,0.0,2024-09-26,2024-09-26 07:00:00,null_warehouse_id
SHP-003903,,CUST-00080,2024-06-03,2024-06-03 14:00,0,0.0,2024-06-03,2024-06-03 14:00:00,null_warehouse_id
SHP-003774,,CUST-00142,2024-12-08,2024-12-08 14:00,FALSE,0.0,2024-12-08,2024-12-08 14:00:00,null_warehouse_id
SHP-003742,,CUST-00168,2024-04-25,2024-04-25 16:00,FALSE,0.0,2024-04-25,2024-04-25 16:00:00,null_warehouse_id
SHP-004460,,CUST-00053,2024-01-14,2024-01-14 05:00,0,0.0,2024-01-14,2024-01-14 05:00:00,null_warehouse_id
SHP-004502,,CUST-00182,2023-02-17,2023-02-17 00:00,No,0.0,2023-02-17,2023-02-17 00:00:00,null_warehouse_id
SHP-PEAK-00716,,CUST-00064,2024-12-28,2024-12-28 11:00,No,0.0,2024-12-28,2024-12-28 11:00:00,null_warehouse_id
SHP-004065,,CUST-00109,2023-08-12,2023-08-12 01:00,false,0.0,2023-08-12,2023-08-12 01:00:00,null_warehouse_id
SHP-004151,,CUST-00035,2023-06-05,2023-06-05 18:00,Yes,18.0,2023-06-05,2023-06-05 18:00:00,null_warehouse_id
SHP-PEAK-00043,,CUST-00047,2024-11-06,2024-11-06 19:00,N,0.0,2024-11-06,2024-11-06 19:00:00,null_warehouse_id
SHP-004760,,CUST-00167,2024-05-24,2024-05-24 05:00,No,0.0,2024-05-24,2024-05-24 05:00:00,null_warehouse_id
SHP-PEAK-00797,,CUST-00118,2023-11-07,2023-11-07 04:00,FALSE,0.0,2023-11-07,2023-11-07 04:00:00,null_warehouse_id
SHP-004821,,CUST-00083,2024-07-24,2024-07-24 12:00,N,0.0,2024-07-24,2024-07-24 12:00:00,null_warehouse_id
SHP-PEAK-00591,,CUST-00091,2024-12-11,2024-12-11 04:00,No,0.0,2024-12-11,2024-12-11 04:00:00,null_warehouse_id
SHP-PEAK-00074,,CUST-00088,2023-11-30,2023-11-30 17:00,false,0.0,2023-11-30,2023-11-30 17:00:00,null_warehouse_id
SHP-PEAK-00372,,CUST-00124,2023-12-12,2023-12-12 03:00,N,0.0,2023-12-12,2023-12-12 03:00:00,null_warehouse_id
SHP-PEAK-00123,,CUST-00161,2023-11-29,2023-11-29 01:00,false,0.0,2023-11-29,2023-11-29 01:00:00,null_warehouse_id
SHP-PEAK-00122,,CUST-00023,2024-12-06,2024-12-06 06:00,false,0.0,2024-12-06,2024-12-06 06:00:00,null_warehouse_id
SHP-PEAK-00199,,CUST-00105,2024-11-23,2024-11-23 12:00,No,0.0,2024-11-23,2024-11-23 12:00:00,null_warehouse_id
SHP-PEAK-00736,,CUST-00175,2023-12-06,2023-12-06 11:00,FALSE,0.0,2023-12-06,2023-12-06 11:00:00,null_warehouse_id
SHP-PEAK-00480,,CUST-00096,2024-11-06,2024-11-06 14:00,No,0.0,2024-11-06,2024-11-06 14:00:00,null_warehouse_id
SHP-004519,WH03,ORPHAN-7,2024-06-12,2024-06-12 18:00,No,0.0,2024-06-12,2024-06-12 18:00:00,orphan_customer_id
SHP-001232,WH01,ORPHAN-10,2024-11-06,2024-11-06 11:00,FALSE,0.0,2024-11-06,2024-11-06 11:00:00,orphan_customer_id
SHP-001075,WH01,ORPHAN-24,2024-04-11,2024-04-11 03:00,0,0.0,2024-04-11,2024-04-11 03:00:00,orphan_customer_id
SHP-000506,WH03,ORPHAN-3,2023-09-30,2023-09-30 12:00,0,0.0,2023-09-30,2023-09-30 12:00:00,orphan_customer_id
SHP-003127,WH01,ORPHAN-39,2024-01-08,2024-01-08 08:00,0,0.0,2024-01-08,2024-01-08 08:00:00,orphan_customer_id
SHP-002927,WH01,ORPHAN-44,2023-10-08,2023-10-08 06:00,FALSE,0.0,2023-10-08,2023-10-08 06:00:00,orphan_customer_id
SHP-001273,WH03,ORPHAN-6,2024-05-16,2024-05-16 09:00,N,0.0,2024-05-16,2024-05-16 09:00:00,orphan_customer_id
SHP-000429,WH03,ORPHAN-45,2024-01-02,2024-01-02 08:00,false,0.0,2024-01-02,2024-01-02 08:00:00,orphan_customer_id
SHP-001766,WH03,ORPHAN-11,2024-07-08,2024-07-08 15:00,FALSE,0.0,2024-07-08,2024-07-08 15:00:00,orphan_customer_id
SHP-001261,WH03,ORPHAN-18,2023-02-15,2023-02-15 14:00,No,0.0,2023-02-15,2023-02-15 14:00:00,orphan_customer_id
SHP-001818,WH03,ORPHAN-19,2024-12-11,2024-12-11 11:00,No,0.0,2024-12-11,2024-12-11 11:00:00,orphan_customer_id
SHP-002389,WH02,ORPHAN-34,2023-01-17,2023-01-17 19:00,false,0.0,2023-01-17,2023-01-17 19:00:00,orphan_customer_id
SHP-001607,WH02,ORPHAN-8,2023-11-04,2023-11-04 03:00,FALSE,0.0,2023-11-04,2023-11-04 03:00:00,orphan_customer_id
SHP-004915,WH03,ORPHAN-0,2024-11-20,2024-11-20 12:00,No,0.0,2024-11-20,2024-11-20 12:00:00,orphan_customer_id
SHP-PEAK-00040,WH02,ORPHAN-8,2023-11-04,2023-11-04 03:00,FALSE,0.0,2023-11-04,2023-11-04 03:00:00,orphan_customer_id
SHP-PEAK-00643,WH03,ORPHAN-19,2024-12-11,2024-12-11 11:00,No,0.0,2024-12-11,2024-12-11 11:00:00,orphan_customer_id
SHP-000504,WH03,ORPHAN-9,2023-10-14,2023-10-14 06:00,FALSE,0.0,2023-10-14,2023-10-14 06:00:00,orphan_customer_id
SHP-002054,WH03,ORPHAN-48,2024-01-07,2024-01-07 10:00,false,0.0,2024-01-07,2024-01-07 10:00:00,orphan_customer_id
SHP-003312,WH02,ORPHAN-22,2024-09-18,2024-09-18 05:00,0,0.0,2024-09-18,2024-09-18 05:00:00,orphan_customer_id
SHP-003432,WH01,ORPHAN-47,2024-12-30,2024-12-31 13:00,true,37.9,2024-12-30,2024-12-31 13:00:00,orphan_customer_id
SHP-002264,WH03,ORPHAN-42,2023-05-17,2023-05-17 13:00,Yes,13.6,2023-05-17,2023-05-17 13:00:00,orphan_customer_id
SHP-PEAK-00255,WH03,ORPHAN-19,2024-12-11,2024-12-11 11:00,No,0.0,2024-12-11,2024-12-11 11:00:00,orphan_customer_id
SHP-001228,WH01,ORPHAN-35,2024-06-10,2024-06-10 02:00,FALSE,0.0,2024-06-10,2024-06-10 02:00:00,orphan_customer_id
SHP-001238,WH02,ORPHAN-27,2023-04-29,2023-04-29 21:00,Y,21.0,2023-04-29,2023-04-29 21:00:00,orphan_customer_id
SHP-001711,WH01,ORPHAN-37,2024-10-04,2024-10-04 16:00,Y,16.8,2024-10-04,2024-10-04 16:00:00,orphan_customer_id
SHP-002973,WH01,ORPHAN-1,2024-02-14,2024-02-14 08:00,FALSE,0.0,2024-02-14,2024-02-14 08:00:00,orphan_customer_id
SHP-002020,WH02,ORPHAN-2,2024-12-25,2024-12-25 15:00,N,0.0,2024-12-25,2024-12-25 15:00:00,orphan_customer_id
SHP-004743,WH02,ORPHAN-25,2024-03-07,2024-03-07 03:00,0,0.0,2024-03-07,2024-03-07 03:00:00,orphan_customer_id
SHP-001957,WH02,ORPHAN-15,2024-07-07,2024-07-07 03:00,0,0.0,2024-07-07,2024-07-07 03:00:00,orphan_customer_id
SHP-000227,WH03,ORPHAN-5,2023-06-22,2023-06-22 16:00,false,0.0,2023-06-22,2023-06-22 16:00:00,orphan_customer_id
SHP-003946,WH02,ORPHAN-4,2024-12-14,2024-12-14 00:00,N,0.0,2024-12-14,2024-12-14 00:00:00,orphan_customer_id
SHP-002426,WH01,ORPHAN-28,2023-10-29,2023-10-29 10:00,N,0.0,2023-10-29,2023-10-29 10:00:00,orphan_customer_id
SHP-003968,WH02,ORPHAN-26,2023-02-05,2023-02-05 08:00,false,0.0,2023-02-05,2023-02-05 08:00:00,orphan_customer_id
SHP-003372,WH02,ORPHAN-23,2024-05-27,2024-05-27 09:00,FALSE,0.0,2024-05-27,2024-05-27 09:00:00,orphan_customer_id
SHP-001442,WH01,ORPHAN-41,2024-09-22,2024-09-23 16:00,true,40.9,2024-09-22,2024-09-23 16:00:00,orphan_customer_id
SHP-003973,WH03,ORPHAN-38,2024-03-22,2024-03-22 12:00,No,0.0,2024-03-22,2024-03-22 12:00:00,orphan_customer_id
SHP-003402,WH03,ORPHAN-43,2023-06-11,2023-06-11 07:00,0,0.0,2023-06-11,2023-06-11 07:00:00,orphan_customer_id
SHP-000935,WH02,ORPHAN-13,2023-08-17,2023-08-17 11:00,FALSE,0.0,2023-08-17,2023-08-17 11:00:00,orphan_customer_id
SHP-000149,WH03,ORPHAN-20,2024-03-05,2024-03-05 08:00,true,8.2,2024-03-05,2024-03-05 08:00:00,orphan_customer_id
SHP-004423,WH03,ORPHAN-36,2023-04-08,2023-04-08 10:00,No,0.0,2023-04-08,2023-04-08 10:00:00,orphan_customer_id
SHP-002892,WH01,ORPHAN-32,2024-11-04,2024-11-04 03:00,FALSE,0.0,2024-11-04,2024-11-04 03:00:00,orphan_customer_id
SHP-002337,WH02,ORPHAN-16,2023-08-04,2023-08-04 06:00,No,0.0,2023-08-04,2023-08-04 06:00:00,orphan_customer_id
SHP-001605,WH02,ORPHAN-30,2024-09-30,2024-09-30 17:00,false,0.0,2024-09-30,2024-09-30 17:00:00,orphan_customer_id
SHP-PEAK-00081,WH03,ORPHAN-0,2024-11-20,2024-11-20 12:00,No,0.0,2024-11-20,2024-11-20 12:00:00,orphan_customer_id
SHP-001067,WH01,ORPHAN-12,2023-07-22,2023-07-22 10:00,FALSE,0.0,2023-07-22,2023-07-22 10:00:00,orphan_customer_id
SHP-002492,WH02,ORPHAN-40,2023-08-31,2023-09-01 15:00,Y,39.9,2023-08-31,2023-09-01 15:00:00,orphan_customer_id
SHP-PEAK-00581,WH02,ORPHAN-4,2024-12-14,2024-12-14 00:00,N,0.0,2024-12-14,2024-12-14 00:00:00,orphan_customer_id
SHP-001070,WH03,ORPHAN-49,2023-08-23,2023-08-23 16:00,FALSE,0.0,2023-08-23,2023-08-23 16:00:00,orphan_customer_id
SHP-000855,WH01,ORPHAN-31,2024-01-14,2024-01-14 11:00,0,0.0,2024-01-14,2024-01-14 11:00:00,orphan_customer_id
SHP-003562,WH02,ORPHAN-33,2024-01-04,2024-01-04 07:00,false,0.0,2024-01-04,2024-01-04 07:00:00,orphan_customer_id
SHP-001364,WH01,ORPHAN-29,2023-03-11,2023-03-11 03:00,N,0.0,2023-03-11,2023-03-11 03:00:00,orphan_customer_id
SHP-000976,WH03,ORPHAN-17,2023-07-07,2023-07-07 09:00,false,0.0,2023-07-07,2023-07-07 09:00:00,orphan_customer_id
SHP-002469,WH02,CUST-00019,2023-01-15,2023-01-15 03:00,false,0.0,2023-01-15,2023-01-15 03:00:00,duplicate_shipment_id
SHP-000590,WH02,CUST-00115,2023-02-12,2023-02-12 19:00,No,0.0,2023-02-12,2023-02-12 19:00:00,duplicate_shipment_id
SHP-002660,WH03,CUST-00189,2023-02-19,2023-02-19 04:00,Y,4.8,2023-02-19,2023-02-19 04:00:00,duplicate_shipment_id
SHP-001963,WH02,CUST-00068,2023-04-06,2023-04-06 12:00,FALSE,0.0,2023-04-06,2023-04-06 12:00:00,duplicate_shipment_id
SHP-003907,WH03,CUST-00192,2023-04-27,2023-04-27 06:00,N,0.0,2023-04-27,2023-04-27 06:00:00,duplicate_shipment_id
SHP-002465,WH03,CUST-00174,2023-05-05,2023-05-05 19:00,N,0.0,2023-05-05,2023-05-05 19:00:00,duplicate_shipment_id
SHP-001056,WH01,CUST-00118,2023-05-19,2023-05-19 05:00,No,0.0,2023-05-19,2023-05-19 05:00:00,duplicate_shipment_id
SHP-002587,WH02,CUST-00033,2023-08-02,2023-08-02 02:00,N,0.0,2023-08-02,2023-08-02 02:00:00,duplicate_shipment_id
SHP-003586,WH01,CUST-00121,2023-10-05,2023-10-05 03:00,FALSE,0.0,2023-10-05,2023-10-05 03:00:00,duplicate_shipment_id
SHP-001118,WH01,CUST-00179,2023-10-06,2023-10-06 12:00,No,0.0,2023-10-06,2023-10-06 12:00:00,duplicate_shipment_id
SHP-004867,WH03,CUST-00013,2023-11-14,2023-11-14 06:00,FALSE,0.0,2023-11-14,2023-11-14 06:00:00,duplicate_shipment_id
SHP-003050,WH02,CUST-00150,2023-11-19,2023-11-19 08:00,N,0.0,2023-11-19,2023-11-19 08:00:00,duplicate_shipment_id
SHP-003022,WH03,CUST-00025,2023-11-22,2023-11-22 01:00,No,0.0,2023-11-22,2023-11-22 01:00:00,duplicate_shipment_id
SHP-002100,WH02,CUST-00019,2023-11-25,2023-11-25 06:00,No,0.0,2023-11-25,2023-11-25 06:00:00,duplicate_shipment_id
SHP-003352,WH02,CUST-00099,2023-12-23,2023-12-23 03:00,N,0.0,2023-12-23,2023-12-23 03:00:00,duplicate_shipment_id
SHP-003162,WH02,CUST-00164,2023-12-31,2023-12-31 06:00,Y,6.9,2023-12-31,2023-12-31 06:00:00,duplicate_shipment_id
SHP-002414,WH01,CUST-00127,2024-01-05,2024-01-05 19:00,N,0.0,2024-01-05,2024-01-05 19:00:00,duplicate_shipment_id
SHP-004316,WH03,CUST-00195,2024-01-22,2024-01-22 11:00,0,0.0,2024-01-22,2024-01-22 11:00:00,duplicate_shipment_id
SHP-004122,WH01,CUST-00109,2024-02-19,2024-02-19 09:00,No,0.0,2024-02-19,2024-02-19 09:00:00,duplicate_shipment_id
SHP-004636,WH02,CUST-00041,2024-02-27,2024-02-27 16:00,No,0.0,2024-02-27,2024-02-27 16:00:00,duplicate_shipment_id
SHP-000795,WH03,CUST-00102,2024-03-17,2024-03-17 11:00,Yes,11.5,2024-03-17,2024-03-17 11:00:00,duplicate_shipment_id
SHP-004843,WH02,CUST-00107,2024-04-23,2024-04-23 19:00,false,0.0,2024-04-23,2024-04-23 19:00:00,duplicate_shipment_id
SHP-004067,WH01,CUST-00141,2024-07-01,2024-07-01 06:00,N,0.0,2024-07-01,2024-07-01 06:00:00,duplicate_shipment_id
SHP-001601,WH01,CUST-00087,2024-07-10,2024-07-10 13:00,No,0.0,2024-07-10,2024-07-10 13:00:00,duplicate_shipment_id
SHP-003600,WH01,CUST-00093,2024-07-21,2024-07-21 02:00,FALSE,0.0,2024-07-21,2024-07-21 02:00:00,duplicate_shipment_id
SHP-004967,WH02,CUST-00168,2024-09-03,2024-09-03 08:00,false,0.0,2024-09-03,2024-09-03 08:00:00,duplicate_shipment_id
SHP-001085,WH03,CUST-00161,2024-09-25,2024-09-25 03:00,N,0.0,2024-09-25,2024-09-25 03:00:00,duplicate_shipment_id
SHP-001756,WH02,CUST-00069,2024-10-05,2024-10-05 16:00,false,0.0,2024-10-05,2024-10-05 16:00:00,duplicate_shipment_id
SHP-004685,WH01,CUST-00185,2024-10-14,2024-10-14 03:00,FALSE,0.0,2024-10-14,2024-10-14 03:00:00,duplicate_shipment_id
SHP-000916,WH02,CUST-00054,2024-10-26,2024-10-26 04:00,FALSE,0.0,2024-10-26,2024-10-26 04:00:00,duplicate_shipment_id
SHP-002516,WH03,CUST-00004,2024-11-03,2024-11-03 09:00,false,0.0,2024-11-03,2024-11-03 09:00:00,duplicate_shipment_id
SHP-000334,WH03,CUST-00184,2024-11-15,2024-11-15 10:00,false,0.0,2024-11-15,2024-11-15 10:00:00,duplicate_shipment_id
SHP-004768,WH02,CUST-00078,2024-11-17,2024-11-17 18:00,0,0.0,2024-11-17,2024-11-17 18:00:00,duplicate_shipment_id
SHP-003544,WH03,CUST-00035,2024-12-17,2024-12-17 19:00,N,0.0,2024-12-17,2024-12-17 19:00:00,duplicate_shipment_id
