shipment_id,warehouse_id,customer_id,scheduled_date,actual_delivery,is_delayed,delay_hours,scheduled_dt,actual_dt,on_time
SHP-003231,WH02,CUST-00129,2023-01-01,2023-01-01 03:00,0,0.0,2023-01-01,2023-01-01 03:00:00,1
SHP-002789,WH03,CUST-00143,2023-01-01,2023-01-01 15:00,0,0.0,2023-01-01,2023-01-01 15:00:00,1
SHP-004002,WH02,CUST-00116,2023-01-01,2023-01-01 15:00,0,0.0,2023-01-01,2023-01-01 15:00:00,1
SHP-002562,WH03,CUST-00054,2023-01-01,2023-01-01 17:00,0,0.0,2023-01-01,2023-01-01 17:00:00,1
SHP-001829,WH03,CUST-00094,2023-01-01,2023-01-01 19:00,0,0.0,2023-01-01,2023-01-01 19:00:00,1
SHP-002397,WH01,CUST-00103,2023-01-02,2023-01-02 03:00,0,0.0,2023-01-02,2023-01-02 03:00:00,1
SHP-004986,WH03,CUST-00026,2023-01-02,2023-01-02 10:00,0,0.0,2023-01-02,2023-01-02 10:00:00,1
SHP-004837,WH02,CUST-00126,2023-01-02,2023-01-02 13:00,0,0.0,2023-01-02,2023-01-02 13:00:00,1
SHP-003955,WH02,CUST-00195,2023-01-02,2023-01-02 15:00,0,0.0,2023-01-02,2023-01-02 15:00:00,1
SHP-001923,WH03,CUST-00068,2023-01-02,2023-01-02 16:00,1,16.5,2023-01-02,2023-01-02 16:00:00,1
SHP-004577,WH03,CUST-00022,2023-01-03,2023-01-03 00:00,0,0.0,2023-01-03,2023-01-03 00:00:00,1
SHP-004771,WH03,CUST-00028,2023-01-03,2023-01-03 04:00,0,0.0,2023-01-03,2023-01-03 04:00:00,1
SHP-004847,WH01,CUST-00183,2023-01-03,2023-01-03 14:00,0,0.0,2023-01-03,2023-01-03 14:00:00,1
SHP-001875,WH03,CUST-00178,2023-01-03,2023-01-03 18:00,1,18.7,2023-01-03,2023-01-03 18:00:00,1
SHP-002299,WH03,CUST-00156,2023-01-03,2023-01-04 04:00,1,28.1,2023-01-03,2023-01-04 04:00:00,0
SHP-001143,WH02,CUST-00139,2023-01-04,2023-01-04 05:00,0,0.0,2023-01-04,2023-01-04 05:00:00,1
SHP-002658,WH02,CUST-00092,2023-01-04,2023-01-04 08:00,0,0.0,2023-01-04,2023-01-04 08:00:00,1
SHP-003225,WH03,CUST-00099,2023-01-04,2023-01-04 13:00,0,0.0,2023-01-04,2023-01-04 13:00:00,1
SHP-004856,WH03,CUST-00072,2023-01-04,2023-01-04 15:00,0,0.0,2023-01-04,2023-01-04 15:00:00,1
SHP-003054,WH01,CUST-00137,2023-01-04,2023-01-04 16:00,0,0.0,2023-01-04,2023-01-04 16:00:00,1
SHP-002121,WH03,CUST-00148,2023-01-03,2023-01-04 16:00,1,40.2,2023-01-03,2023-01-04 16:00:00,0
SHP-004139,WH01,CUST-00157,2023-01-05,2023-01-05 01:00,0,0.0,2023-01-05,2023-01-05 01:00:00,1
SHP-000729,WH03,CUST-00003,2023-01-05,2023-01-05 04:00,1,4.0,2023-01-05,2023-01-05 04:00:00,1
SHP-002518,WH02,CUST-00140,2023-01-05,2023-01-05 09:00,0,0.0,2023-01-05,2023-01-05 09:00:00,1
SHP-004954,WH01,CUST-00065,2023-01-05,2023-01-05 19:00,0,0.0,2023-01-05,2023-01-05 19:00:00,1
SHP-004650,WH03,CUST-00047,2023-01-05,2023-01-05 19:00,0,0.0,2023-01-05,2023-01-05 19:00:00,1
SHP-001387,WH01,CUST-00102,2023-01-06,2023-01-06 04:00,0,0.0,2023-01-06,2023-01-06 04:00:00,1
SHP-004559,WH02,CUST-00022,2023-01-06,2023-01-06 06:00,0,0.0,2023-01-06,2023-01-06 06:00:00,1
SHP-000901,WH01,CUST-00155,2023-01-06,2023-01-06 07:00,0,0.0,2023-01-06,2023-01-06 07:00:00,1
SHP-001631,WH01,CUST-00090,2023-01-06,2023-01-06 19:00,0,0.0,2023-01-06,2023-01-06 19:00:00,1
SHP-003962,WH02,CUST-00160,2023-01-06,2023-01-06 19:00,0,0.0,2023-01-06,2023-01-06 19:00:00,1
SHP-003430,WH01,CUST-00166,2023-01-07,2023-01-07 00:00,0,0.0,2023-01-07,2023-01-07 00:00:00,1
SHP-000816,WH01,CUST-00079,2023-01-07,2023-01-07 00:00,0,0.0,2023-01-07,2023-01-07 00:00:00,1
SHP-003915,WH03,CUST-00093,2023-01-07,2023-01-07 03:00,0,0.0,2023-01-07,2023-01-07 03:00:00,1
SHP-000893,WH02,CUST-00053,2023-01-07,2023-01-07 06:00,0,0.0,2023-01-07,2023-01-07 06:00:00,1
SHP-003817,WH02,CUST-00116,2023-01-07,2023-01-07 12:00,0,0.0,2023-01-07,2023-01-07 12:00:00,1
SHP-000751,WH02,CUST-00055,2023-01-07,2023-01-07 18:00,1,18.7,2023-01-07,2023-01-07 18:00:00,1
SHP-004715,WH02,CUST-00130,2023-01-07,2023-01-07 19:00,0,0.0,2023-01-07,2023-01-07 19:00:00,1
SHP-001097,WH01,CUST-00006,2023-01-08,2023-01-08 00:00,0,0.0,2023-01-08,2023-01-08 00:00:00,1
SHP-001465,WH03,CUST-00144,2023-01-08,2023-01-08 01:00,0,0.0,2023-01-08,2023-01-08 01:00:00,1
SHP-004605,WH01,CUST-00039,2023-01-08,2023-01-08 03:00,0,0.0,2023-01-08,2023-01-08 03:00:00,1
SHP-001158,WH03,CUST-00163,2023-01-08,2023-01-08 12:00,0,0.0,2023-01-08,2023-01-08 12:00:00,1
SHP-001639,WH02,CUST-00086,2023-01-08,2023-01-08 15:00,0,0.0,2023-01-08,2023-01-08 15:00:00,1
SHP-001577,WH02,CUST-00073,2023-01-09,2023-01-09 09:00,0,0.0,2023-01-09,2023-01-09 09:00:00,1
SHP-001509,WH01,CUST-00184,2023-01-09,2023-01-09 15:00,0,0.0,2023-01-09,2023-01-09 15:00:00,1
SHP-002511,WH01,CUST-00053,2023-01-10,2023-01-10 01:00,0,0.0,2023-01-10,2023-01-10 01:00:00,1
SHP-002062,WH03,CUST-00151,2023-01-10,2023-01-10 02:00,0,0.0,2023-01-10,2023-01-10 02:00:00,1
SHP-004332,WH01,CUST-00072,2023-01-10,2023-01-10 10:00,0,0.0,2023-01-10,2023-01-10 10:00:00,1
SHP-001662,WH01,CUST-00049,2023-01-09,2023-01-10 17:00,1,41.5,2023-01-09,2023-01-10 17:00:00,0
SHP-000934,WH01,CUST-00023,2023-01-11,2023-01-11 03:00,0,0.0,2023-01-11,2023-01-11 03:00:00,1
SHP-003449,WH02,CUST-00114,2023-01-11,2023-01-11 07:00,0,0.0,2023-01-11,2023-01-11 07:00:00,1
SHP-004598,WH02,CUST-00129,2023-01-11,2023-01-11 10:00,0,0.0,2023-01-11,2023-01-11 10:00:00,1
SHP-001346,WH03,CUST-00153,2023-01-11,2023-01-11 11:00,0,0.0,2023-01-11,2023-01-11 11:00:00,1
SHP-003457,WH01,CUST-00189,2023-01-11,2023-01-11 12:00,1,12.3,2023-01-11,2023-01-11 12:00:00,1
SHP-003047,WH03,CUST-00078,2023-01-12,2023-01-12 06:00,0,0.0,2023-01-12,2023-01-12 06:00:00,1
SHP-000948,WH01,CUST-00177,2023-01-12,2023-01-12 10:00,0,0.0,2023-01-12,2023-01-12 10:00:00,1
SHP-000218,WH03,CUST-00020,2023-01-12,2023-01-12 12:00,0,0.0,2023-01-12,2023-01-12 12:00:00,1
SHP-001616,WH02,CUST-00172,2023-01-12,2023-01-12 13:00,0,0.0,2023-01-12,2023-01-12 13:00:00,1
SHP-000188,WH03,CUST-00176,2023-01-12,2023-01-12 14:00,0,0.0,2023-01-12,2023-01-12 14:00:00,1
SHP-001166,WH02,CUST-00033,2023-01-12,2023-01-12 17:00,0,0.0,2023-01-12,2023-01-12 17:00:00,1
SHP-003761,WH02,CUST-00149,2023-01-12,2023-01-12 18:00,0,0.0,2023-01-12,2023-01-12 18:00:00,1
SHP-002802,WH01,CUST-00178,2023-01-13,2023-01-13 09:00,0,0.0,2023-01-13,2023-01-13 09:00:00,1
SHP-000358,WH01,CUST-00175,2023-01-13,2023-01-13 10:00,0,0.0,2023-01-13,2023-01-13 10:00:00,1
SHP-003478,WH02,CUST-00132,2023-01-13,2023-01-13 13:00,0,0.0,2023-01-13,2023-01-13 13:00:00,1
SHP-001628,WH01,CUST-00120,2023-01-13,2023-01-13 15:00,0,0.0,2023-01-13,2023-01-13 15:00:00,1
SHP-001380,WH01,CUST-00180,2023-01-13,2023-01-13 17:00,0,0.0,2023-01-13,2023-01-13 17:00:00,1
SHP-000861,WH03,CUST-00005,2023-01-13,2023-01-13 18:00,0,0.0,2023-01-13,2023-01-13 18:00:00,1
SHP-001011,WH01,CUST-00100,2023-01-13,2023-01-13 19:00,0,0.0,2023-01-13,2023-01-13 19:00:00,1
SHP-000714,WH03,CUST-00034,2023-01-14,2023-01-14 05:00,0,0.0,2023-01-14,2023-01-14 05:00:00,1
SHP-001712,WH03,CUST-00040,2023-01-14,2023-01-14 06:00,1,6.4,2023-01-14,2023-01-14 06:00:00,1
SHP-001017,WH03,CUST-00175,2023-01-14,2023-01-14 15:00,0,0.0,2023-01-14,2023-01-14 15:00:00,1
SHP-001220,WH02,CUST-00037,2023-01-14,2023-01-14 19:00,0,0.0,2023-01-14,2023-01-14 19:00:00,1
SHP-000480,WH02,CUST-00055,2023-01-14,2023-01-14 22:00,1,22.4,2023-01-14,2023-01-14 22:00:00,1
SHP-002469,WH02,CUST-00019,2023-01-15,2023-01-15 03:00,0,0.0,2023-01-15,2023-01-15 03:00:00,1
SHP-000078,WH01,CUST-00068,2023-01-15,2023-01-15 04:00,0,0.0,2023-01-15,2023-01-15 04:00:00,1
SHP-000058,WH03,CUST-00017,2023-01-15,2023-01-15 09:00,0,0.0,2023-01-15,2023-01-15 09:00:00,1
SHP-001248,WH03,CUST-00004,2023-01-15,2023-01-15 18:00,0,0.0,2023-01-15,2023-01-15 18:00:00,1
SHP-004358,WH03,CUST-00065,2023-01-15,2023-01-15 19:00,0,0.0,2023-01-15,2023-01-15 19:00:00,1
SHP-000937,WH01,CUST-00172,2023-01-16,2023-01-16 04:00,0,0.0,2023-01-16,2023-01-16 04:00:00,1
SHP-000119,WH02,CUST-00055,2023-01-16,2023-01-16 11:00,0,0.0,2023-01-16,2023-01-16 11:00:00,1
SHP-000281,WH03,CUST-00021,2023-01-16,2023-01-16 12:00,0,0.0,2023-01-16,2023-01-16 12:00:00,1
SHP-002251,WH01,CUST-00181,2023-01-16,2023-01-16 12:00,0,0.0,2023-01-16,2023-01-16 12:00:00,1
SHP-002190,WH03,CUST-00064,2023-01-16,2023-01-16 14:00,0,0.0,2023-01-16,2023-01-16 14:00:00,1
SHP-003826,WH01,CUST-00045,2023-01-16,2023-01-16 15:00,0,0.0,2023-01-16,2023-01-16 15:00:00,1
SHP-001520,WH03,CUST-00117,2023-01-15,2023-01-16 22:00,1,46.9,2023-01-15,2023-01-16 22:00:00,0
SHP-000684,WH02,CUST-00125,2023-01-16,2023-01-17 09:00,1,33.5,2023-01-16,2023-01-17 09:00:00,0
SHP-003401,WH03,CUST-00114,2023-01-17,2023-01-17 10:00,0,0.0,2023-01-17,2023-01-17 10:00:00,1
SHP-001567,WH02,CUST-00147,2023-01-17,2023-01-17 15:00,0,0.0,2023-01-17,2023-01-17 15:00:00,1
SHP-001657,WH03,CUST-00052,2023-01-16,2023-01-17 16:00,1,40.4,2023-01-16,2023-01-17 16:00:00,0
SHP-004923,WH03,CUST-00158,2023-01-17,2023-01-17 16:00,1,16.3,2023-01-17,2023-01-17 16:00:00,1
SHP-004586,WH01,CUST-00030,2023-01-17,2023-01-17 17:00,0,0.0,2023-01-17,2023-01-17 17:00:00,1
SHP-002948,WH03,CUST-00099,2023-01-17,2023-01-17 17:00,0,0.0,2023-01-17,2023-01-17 17:00:00,1
SHP-002225,WH01,CUST-00008,2023-01-16,2023-01-17 18:00,1,42.5,2023-01-16,2023-01-17 18:00:00,0
SHP-002249,WH02,CUST-00123,2023-01-16,2023-01-17 23:00,1,47.7,2023-01-16,2023-01-17 23:00:00,0
SHP-003625,WH03,CUST-00030,2023-01-18,2023-01-18 02:00,0,0.0,2023-01-18,2023-01-18 02:00:00,1
SHP-004959,WH02,CUST-00161,2023-01-18,2023-01-18 13:00,0,0.0,2023-01-18,2023-01-18 13:00:00,1
SHP-000842,WH01,CUST-00161,2023-01-18,2023-01-18 15:00,0,0.0,2023-01-18,2023-01-18 15:00:00,1
SHP-000091,WH02,CUST-00113,2023-01-18,2023-01-18 17:00,0,0.0,2023-01-18,2023-01-18 17:00:00,1
SHP-004889,WH02,CUST-00080,2023-01-19,2023-01-19 03:00,0,0.0,2023-01-19,2023-01-19 03:00:00,1
SHP-001177,WH03,CUST-00153,2023-01-19,2023-01-19 08:00,0,0.0,2023-01-19,2023-01-19 08:00:00,1
SHP-003577,WH01,CUST-00148,2023-01-19,2023-01-19 10:00,0,0.0,2023-01-19,2023-01-19 10:00:00,1
SHP-000251,WH02,CUST-00054,2023-01-20,2023-01-20 02:00,0,0.0,2023-01-20,2023-01-20 02:00:00,1
SHP-003819,WH03,CUST-00187,2023-01-20,2023-01-20 04:00,0,0.0,2023-01-20,2023-01-20 04:00:00,1
SHP-001842,WH01,CUST-00127,2023-01-20,2023-01-20 08:00,0,0.0,2023-01-20,2023-01-20 08:00:00,1
SHP-004735,WH02,CUST-00001,2023-01-20,2023-01-20 10:00,0,0.0,2023-01-20,2023-01-20 10:00:00,1
SHP-000250,WH03,CUST-00186,2023-01-20,2023-01-20 15:00,1,15.4,2023-01-20,2023-01-20 15:00:00,1
SHP-004066,WH03,CUST-00173,2023-01-20,2023-01-20 18:00,0,0.0,2023-01-20,2023-01-20 18:00:00,1
SHP-001413,WH03,CUST-00170,2023-01-21,2023-01-21 03:00,0,0.0,2023-01-21,2023-01-21 03:00:00,1
SHP-002929,WH02,CUST-00128,2023-01-21,2023-01-21 09:00,0,0.0,2023-01-21,2023-01-21 09:00:00,1
SHP-004718,WH03,CUST-00043,2023-01-21,2023-01-21 10:00,1,10.5,2023-01-21,2023-01-21 10:00:00,1
SHP-003655,WH03,CUST-00047,2023-01-21,2023-01-21 17:00,0,0.0,2023-01-21,2023-01-21 17:00:00,1
SHP-001542,WH02,CUST-00119,2023-01-21,2023-01-21 18:00,0,0.0,2023-01-21,2023-01-21 18:00:00,1
SHP-000612,WH02,CUST-00185,2023-01-22,2023-01-22 05:00,0,0.0,2023-01-22,2023-01-22 05:00:00,1
SHP-001779,WH01,CUST-00038,2023-01-22,2023-01-22 07:00,0,0.0,2023-01-22,2023-01-22 07:00:00,1
SHP-003645,WH01,CUST-00003,2023-01-22,2023-01-22 07:00,0,0.0,2023-01-22,2023-01-22 07:00:00,1
SHP-003213,WH01,CUST-00014,2023-01-22,2023-01-22 11:00,0,0.0,2023-01-22,2023-01-22 11:00:00,1
SHP-003175,WH01,CUST-00067,2023-01-22,2023-01-22 13:00,0,0.0,2023-01-22,2023-01-22 13:00:00,1
SHP-001728,WH01,CUST-00092,2023-01-23,2023-01-23 08:00,0,0.0,2023-01-23,2023-01-23 08:00:00,1
SHP-003469,WH01,CUST-00183,2023-01-23,2023-01-23 12:00,0,0.0,2023-01-23,2023-01-23 12:00:00,1
SHP-002295,WH02,CUST-00141,2023-01-22,2023-01-23 15:00,1,39.0,2023-01-22,2023-01-23 15:00:00,0
SHP-002811,WH03,CUST-00165,2023-01-23,2023-01-23 17:00,0,0.0,2023-01-23,2023-01-23 17:00:00,1
SHP-001544,WH01,CUST-00110,2023-01-23,2023-01-23 18:00,0,0.0,2023-01-23,2023-01-23 18:00:00,1
SHP-000899,WH03,CUST-00054,2023-01-22,2023-01-23 22:00,1,46.8,2023-01-22,2023-01-23 22:00:00,0
SHP-000851,WH03,CUST-00058,2023-01-24,2023-01-24 03:00,0,0.0,2023-01-24,2023-01-24 03:00:00,1
SHP-001964,WH01,CUST-00186,2023-01-24,2023-01-24 07:00,0,0.0,2023-01-24,2023-01-24 07:00:00,1
SHP-002181,WH02,CUST-00138,2023-01-24,2023-01-24 11:00,0,0.0,2023-01-24,2023-01-24 11:00:00,1
SHP-000661,WH02,CUST-00079,2023-01-24,2023-01-24 13:00,0,0.0,2023-01-24,2023-01-24 13:00:00,1
SHP-003649,WH01,CUST-00002,2023-01-24,2023-01-24 14:00,0,0.0,2023-01-24,2023-01-24 14:00:00,1
SHP-003462,WH03,CUST-00141,2023-01-24,2023-01-24 18:00,0,0.0,2023-01-24,2023-01-24 18:00:00,1
SHP-000217,WH01,CUST-00196,2023-01-25,2023-01-25 01:00,0,0.0,2023-01-25,2023-01-25 01:00:00,1
SHP-000724,WH02,CUST-00031,2023-01-25,2023-01-25 03:00,1,3.5,2023-01-25,2023-01-25 03:00:00,1
SHP-004552,WH02,CUST-00006,2023-01-25,2023-01-25 06:00,0,0.0,2023-01-25,2023-01-25 06:00:00,1
SHP-004053,WH02,CUST-00007,2023-01-24,2023-01-25 19:00,1,43.3,2023-01-24,2023-01-25 19:00:00,0
SHP-003736,WH03,CUST-00127,2023-01-25,2023-01-26 00:00,1,24.2,2023-01-25,2023-01-26 00:00:00,1
SHP-004576,WH03,CUST-00125,2023-01-26,2023-01-26 01:00,0,0.0,2023-01-26,2023-01-26 01:00:00,1
SHP-000860,WH01,CUST-00051,2023-01-26,2023-01-26 02:00,0,0.0,2023-01-26,2023-01-26 02:00:00,1
SHP-003066,WH03,CUST-00072,2023-01-26,2023-01-26 04:00,0,0.0,2023-01-26,2023-01-26 04:00:00,1
SHP-001916,WH03,CUST-00182,2023-01-26,2023-01-26 07:00,0,0.0,2023-01-26,2023-01-26 07:00:00,1
SHP-001223,WH03,CUST-00005,2023-01-26,2023-01-26 07:00,1,7.1,2023-01-26,2023-01-26 07:00:00,1
SHP-004549,WH01,CUST-00183,2023-01-26,2023-01-26 16:00,0,0.0,2023-01-26,2023-01-26 16:00:00,1
SHP-001833,WH02,CUST-00056,2023-01-26,2023-01-26 18:00,0,0.0,2023-01-26,2023-01-26 18:00:00,1
SHP-000536,WH02,CUST-00059,2023-01-26,2023-01-26 19:00,0,0.0,2023-01-26,2023-01-26 19:00:00,1
SHP-001889,WH01,CUST-00044,2023-01-27,2023-01-27 00:00,0,0.0,2023-01-27,2023-01-27 00:00:00,1
SHP-004829,WH02,CUST-00090,2023-01-27,2023-01-27 11:00,0,0.0,2023-01-27,2023-01-27 11:00:00,1
SHP-003801,WH01,CUST-00002,2023-01-27,2023-01-27 18:00,0,0.0,2023-01-27,2023-01-27 18:00:00,1
SHP-004726,WH02,CUST-00159,2023-01-28,2023-01-28 04:00,0,0.0,2023-01-28,2023-01-28 04:00:00,1
SHP-001263,WH03,CUST-00097,2023-01-28,2023-01-28 04:00,0,0.0,2023-01-28,2023-01-28 04:00:00,1
SHP-004672,WH02,CUST-00038,2023-01-28,2023-01-28 06:00,0,0.0,2023-01-28,2023-01-28 06:00:00,1
SHP-004215,WH02,CUST-00109,2023-01-27,2023-01-28 09:00,1,33.7,2023-01-27,2023-01-28 09:00:00,0
SHP-002695,WH01,CUST-00155,2023-01-28,2023-01-28 11:00,0,0.0,2023-01-28,2023-01-28 11:00:00,1
SHP-003716,WH02,CUST-00114,2023-01-28,2023-01-28 16:00,0,0.0,2023-01-28,2023-01-28 16:00:00,1
SHP-004627,WH02,CUST-00014,2023-01-28,2023-01-28 16:00,0,0.0,2023-01-28,2023-01-28 16:00:00,1
SHP-002505,WH02,CUST-00023,2023-01-27,2023-01-28 22:00,1,46.7,2023-01-27,2023-01-28 22:00:00,0
SHP-002378,WH02,CUST-00051,2023-01-29,2023-01-29 07:00,0,0.0,2023-01-29,2023-01-29 07:00:00,1
SHP-000107,WH03,CUST-00187,2023-01-29,2023-01-29 07:00,0,0.0,2023-01-29,2023-01-29 07:00:00,1
SHP-004493,WH02,CUST-00036,2023-01-29,2023-01-29 16:00,0,0.0,2023-01-29,2023-01-29 16:00:00,1
SHP-003089,WH01,CUST-00178,2023-01-30,2023-01-30 01:00,0,0.0,2023-01-30,2023-01-30 01:00:00,1
SHP-001541,WH03,CUST-00180,2023-01-30,2023-01-30 05:00,0,0.0,2023-01-30,2023-01-30 05:00:00,1
SHP-003349,WH03,CUST-00041,2023-01-30,2023-01-30 06:00,0,0.0,2023-01-30,2023-01-30 06:00:00,1
SHP-002784,WH03,CUST-00195,2023-01-30,2023-01-30 06:00,0,0.0,2023-01-30,2023-01-30 06:00:00,1
SHP-002526,WH01,CUST-00190,2023-01-30,2023-01-30 09:00,0,0.0,2023-01-30,2023-01-30 09:00:00,1
SHP-001701,WH03,CUST-00107,2023-01-30,2023-01-30 15:00,0,0.0,2023-01-30,2023-01-30 15:00:00,1
SHP-004477,WH01,CUST-00034,2023-01-30,2023-01-30 19:00,0,0.0,2023-01-30,2023-01-30 19:00:00,1
SHP-001250,WH02,CUST-00123,2023-01-30,2023-01-30 22:00,1,22.2,2023-01-30,2023-01-30 22:00:00,1
SHP-001029,WH02,CUST-00057,2023-01-30,2023-01-30 23:00,1,23.9,2023-01-30,2023-01-30 23:00:00,1
SHP-000858,WH01,CUST-00002,2023-01-31,2023-01-31 01:00,0,0.0,2023-01-31,2023-01-31 01:00:00,1
SHP-003530,WH01,CUST-00005,2023-01-31,2023-01-31 02:00,0,0.0,2023-01-31,2023-01-31 02:00:00,1
SHP-004046,WH03,CUST-00035,2023-01-31,2023-01-31 05:00,0,0.0,2023-01-31,2023-01-31 05:00:00,1
SHP-002246,WH02,CUST-00044,2023-01-31,2023-01-31 09:00,0,0.0,2023-01-31,2023-01-31 09:00:00,1
SHP-003785,WH03,CUST-00134,2023-01-31,2023-01-31 10:00,0,0.0,2023-01-31,2023-01-31 10:00:00,1
SHP-003181,WH02,CUST-00144,2023-01-31,2023-01-31 10:00,0,0.0,2023-01-31,2023-01-31 10:00:00,1
SHP-001446,WH03,CUST-00140,2023-01-31,2023-01-31 15:00,0,0.0,2023-01-31,2023-01-31 15:00:00,1
SHP-002805,WH03,CUST-00126,2023-02-01,2023-02-01 03:00,0,0.0,2023-02-01,2023-02-01 03:00:00,1
SHP-003900,WH03,CUST-00034,2023-02-01,2023-02-01 11:00,0,0.0,2023-02-01,2023-02-01 11:00:00,1
SHP-001059,WH03,CUST-00061,2023-02-01,2023-02-01 12:00,0,0.0,2023-02-01,2023-02-01 12:00:00,1
SHP-003102,WH02,CUST-00020,2023-02-01,2023-02-01 12:00,0,0.0,2023-02-01,2023-02-01 12:00:00,1
SHP-002895,WH03,CUST-00137,2023-02-01,2023-02-01 15:00,0,0.0,2023-02-01,2023-02-01 15:00:00,1
SHP-002334,WH01,CUST-00091,2023-01-31,2023-02-01 15:00,1,39.6,2023-01-31,2023-02-01 15:00:00,0
SHP-002119,WH01,CUST-00102,2023-02-01,2023-02-01 19:00,0,0.0,2023-02-01,2023-02-01 19:00:00,1
SHP-004472,WH03,CUST-00030,2023-02-01,2023-02-01 19:00,0,0.0,2023-02-01,2023-02-01 19:00:00,1
SHP-002990,WH01,CUST-00057,2023-02-02,2023-02-02 01:00,0,0.0,2023-02-02,2023-02-02 01:00:00,1
SHP-002675,WH03,CUST-00081,2023-02-02,2023-02-02 01:00,0,0.0,2023-02-02,2023-02-02 01:00:00,1
SHP-003029,WH01,CUST-00053,2023-02-02,2023-02-02 01:00,1,1.3,2023-02-02,2023-02-02 01:00:00,1
SHP-001850,WH02,CUST-00051,2023-02-02,2023-02-02 05:00,0,0.0,2023-02-02,2023-02-02 05:00:00,1
SHP-003965,WH03,CUST-00049,2023-02-02,2023-02-02 10:00,0,0.0,2023-02-02,2023-02-02 10:00:00,1
SHP-003608,WH01,CUST-00030,2023-02-02,2023-02-02 12:00,0,0.0,2023-02-02,2023-02-02 12:00:00,1
SHP-001594,WH03,CUST-00057,2023-02-02,2023-02-02 17:00,0,0.0,2023-02-02,2023-02-02 17:00:00,1
SHP-000416,WH02,CUST-00123,2023-02-02,2023-02-02 18:00,0,0.0,2023-02-02,2023-02-02 18:00:00,1
SHP-002071,WH01,CUST-00089,2023-02-02,2023-02-03 03:00,1,27.4,2023-02-02,2023-02-03 03:00:00,0
SHP-001281,WH03,CUST-00078,2023-02-03,2023-02-03 10:00,1,10.5,2023-02-03,2023-02-03 10:00:00,1
SHP-001901,WH02,CUST-00021,2023-02-03,2023-02-03 12:00,0,0.0,2023-02-03,2023-02-03 12:00:00,1
SHP-000299,WH01,CUST-00172,2023-02-04,2023-02-04 04:00,0,0.0,2023-02-04,2023-02-04 04:00:00,1
SHP-001411,WH01,CUST-00165,2023-02-04,2023-02-04 06:00,0,0.0,2023-02-04,2023-02-04 06:00:00,1
SHP-003250,WH01,CUST-00020,2023-02-04,2023-02-04 06:00,0,0.0,2023-02-04,2023-02-04 06:00:00,1
SHP-004926,WH02,CUST-00141,2023-02-04,2023-02-04 14:00,0,0.0,2023-02-04,2023-02-04 14:00:00,1
SHP-001908,WH02,CUST-00103,2023-02-03,2023-02-04 23:00,1,47.5,2023-02-03,2023-02-04 23:00:00,0
SHP-000203,WH01,CUST-00097,2023-02-05,2023-02-05 02:00,0,0.0,2023-02-05,2023-02-05 02:00:00,1
SHP-000818,WH02,CUST-00065,2023-02-05,2023-02-05 05:00,1,5.9,2023-02-05,2023-02-05 05:00:00,1
SHP-003210,WH02,CUST-00029,2023-02-04,2023-02-05 06:00,1,30.5,2023-02-04,2023-02-05 06:00:00,0
SHP-002451,WH03,CUST-00147,2023-02-05,2023-02-05 08:00,0,0.0,2023-02-05,2023-02-05 08:00:00,1
SHP-003237,WH03,CUST-00189,2023-02-05,2023-02-05 09:00,0,0.0,2023-02-05,2023-02-05 09:00:00,1
SHP-001650,WH02,CUST-00182,2023-02-05,2023-02-05 12:00,0,0.0,2023-02-05,2023-02-05 12:00:00,1
SHP-004503,WH03,CUST-00016,2023-02-05,2023-02-05 13:00,0,0.0,2023-02-05,2023-02-05 13:00:00,1
SHP-002951,WH01,CUST-00083,2023-02-05,2023-02-05 15:00,0,0.0,2023-02-05,2023-02-05 15:00:00,1
SHP-003362,WH03,CUST-00106,2023-02-06,2023-02-06 00:00,0,0.0,2023-02-06,2023-02-06 00:00:00,1
SHP-003360,WH01,CUST-00079,2023-02-06,2023-02-06 02:00,0,0.0,2023-02-06,2023-02-06 02:00:00,1
SHP-002792,WH02,CUST-00188,2023-02-06,2023-02-06 03:00,0,0.0,2023-02-06,2023-02-06 03:00:00,1
SHP-004584,WH01,CUST-00004,2023-02-06,2023-02-06 04:00,0,0.0,2023-02-06,2023-02-06 04:00:00,1
SHP-003004,WH01,CUST-00190,2023-02-06,2023-02-06 04:00,0,0.0,2023-02-06,2023-02-06 04:00:00,1
SHP-001676,WH01,CUST-00039,2023-02-06,2023-02-06 06:00,1,6.5,2023-02-06,2023-02-06 06:00:00,1
SHP-003471,WH03,CUST-00141,2023-02-05,2023-02-06 07:00,1,31.8,2023-02-05,2023-02-06 07:00:00,0
SHP-002940,WH03,CUST-00007,2023-02-06,2023-02-06 14:00,1,14.7,2023-02-06,2023-02-06 14:00:00,1
SHP-002265,WH01,CUST-00175,2023-02-07,2023-02-07 07:00,1,7.7,2023-02-07,2023-02-07 07:00:00,1
SHP-004706,WH01,CUST-00017,2023-02-06,2023-02-07 12:00,1,36.6,2023-02-06,2023-02-07 12:00:00,0
SHP-002885,WH03,CUST-00105,2023-02-06,2023-02-07 22:00,1,46.8,2023-02-06,2023-02-07 22:00:00,0
SHP-000025,WH02,CUST-00122,2023-02-08,2023-02-08 06:00,0,0.0,2023-02-08,2023-02-08 06:00:00,1
SHP-002608,WH02,CUST-00084,2023-02-08,2023-02-08 11:00,0,0.0,2023-02-08,2023-02-08 11:00:00,1
SHP-001237,WH03,CUST-00069,2023-02-08,2023-02-08 17:00,0,0.0,2023-02-08,2023-02-08 17:00:00,1
SHP-002983,WH01,CUST-00026,2023-02-08,2023-02-08 19:00,0,0.0,2023-02-08,2023-02-08 19:00:00,1
SHP-004951,WH03,CUST-00171,2023-02-09,2023-02-09 01:00,0,0.0,2023-02-09,2023-02-09 01:00:00,1
SHP-001336,WH01,CUST-00123,2023-02-09,2023-02-09 02:00,0,0.0,2023-02-09,2023-02-09 02:00:00,1
SHP-000397,WH03,CUST-00185,2023-02-09,2023-02-09 09:00,0,0.0,2023-02-09,2023-02-09 09:00:00,1
SHP-004254,WH03,CUST-00175,2023-02-09,2023-02-09 15:00,0,0.0,2023-02-09,2023-02-09 15:00:00,1
SHP-000459,WH03,CUST-00122,2023-02-09,2023-02-09 18:00,1,18.4,2023-02-09,2023-02-09 18:00:00,1
SHP-001482,WH02,CUST-00184,2023-02-10,2023-02-10 01:00,1,1.7,2023-02-10,2023-02-10 01:00:00,1
SHP-000392,WH02,CUST-00169,2023-02-10,2023-02-10 09:00,1,9.2,2023-02-10,2023-02-10 09:00:00,1
SHP-003582,WH02,CUST-00125,2023-02-11,2023-02-11 02:00,0,0.0,2023-02-11,2023-02-11 02:00:00,1
SHP-001087,WH03,CUST-00137,2023-02-11,2023-02-11 02:00,0,0.0,2023-02-11,2023-02-11 02:00:00,1
SHP-002572,WH02,CUST-00177,2023-02-11,2023-02-11 02:00,0,0.0,2023-02-11,2023-02-11 02:00:00,1
SHP-000072,WH03,CUST-00032,2023-02-11,2023-02-11 07:00,0,0.0,2023-02-11,2023-02-11 07:00:00,1
SHP-002995,WH03,CUST-00115,2023-02-11,2023-02-11 13:00,0,0.0,2023-02-11,2023-02-11 13:00:00,1
SHP-002819,WH03,CUST-00080,2023-02-11,2023-02-11 18:00,0,0.0,2023-02-11,2023-02-11 18:00:00,1
SHP-003526,WH02,CUST-00044,2023-02-11,2023-02-11 19:00,0,0.0,2023-02-11,2023-02-11 19:00:00,1
SHP-000752,WH02,CUST-00188,2023-02-11,2023-02-11 22:00,1,22.2,2023-02-11,2023-02-11 22:00:00,1
SHP-004989,WH01,CUST-00171,2023-02-11,2023-02-12 00:00,1,24.1,2023-02-11,2023-02-12 00:00:00,1
SHP-004448,WH03,CUST-00095,2023-02-12,2023-02-12 02:00,0,0.0,2023-02-12,2023-02-12 02:00:00,1
SHP-000797,WH03,CUST-00130,2023-02-12,2023-02-12 02:00,0,0.0,2023-02-12,2023-02-12 02:00:00,1
SHP-003454,WH03,CUST-00184,2023-02-12,2023-02-12 13:00,0,0.0,2023-02-12,2023-02-12 13:00:00,1
SHP-001523,WH01,CUST-00020,2023-02-12,2023-02-12 14:00,0,0.0,2023-02-12,2023-02-12 14:00:00,1
SHP-002632,WH02,CUST-00007,2023-02-12,2023-02-12 15:00,0,0.0,2023-02-12,2023-02-12 15:00:00,1
SHP-002749,WH02,CUST-00047,2023-02-12,2023-02-12 16:00,1,16.5,2023-02-12,2023-02-12 16:00:00,1
SHP-004064,WH01,CUST-00149,2023-02-12,2023-02-12 16:00,0,0.0,2023-02-12,2023-02-12 16:00:00,1
SHP-000690,WH02,CUST-00103,2023-02-12,2023-02-12 16:00,1,16.7,2023-02-12,2023-02-12 16:00:00,1
SHP-000219,WH03,CUST-00005,2023-02-12,2023-02-12 18:00,0,0.0,2023-02-12,2023-02-12 18:00:00,1
SHP-000590,WH02,CUST-00115,2023-02-12,2023-02-12 19:00,0,0.0,2023-02-12,2023-02-12 19:00:00,1
SHP-003358,WH01,CUST-00113,2023-02-13,2023-02-13 00:00,0,0.0,2023-02-13,2023-02-13 00:00:00,1
SHP-002768,WH01,CUST-00186,2023-02-13,2023-02-13 01:00,0,0.0,2023-02-13,2023-02-13 01:00:00,1
SHP-002603,WH01,CUST-00033,2023-02-13,2023-02-13 08:00,0,0.0,2023-02-13,2023-02-13 08:00:00,1
SHP-001935,WH01,CUST-00154,2023-02-13,2023-02-13 08:00,0,0.0,2023-02-13,2023-02-13 08:00:00,1
SHP-002162,WH02,CUST-00161,2023-02-13,2023-02-13 09:00,0,0.0,2023-02-13,2023-02-13 09:00:00,1
SHP-000270,WH01,CUST-00198,2023-02-12,2023-02-13 10:00,1,34.3,2023-02-12,2023-02-13 10:00:00,0
SHP-003108,WH02,CUST-00193,2023-02-13,2023-02-13 17:00,0,0.0,2023-02-13,2023-02-13 17:00:00,1
SHP-001501,WH03,CUST-00101,2023-02-14,2023-02-14 05:00,0,0.0,2023-02-14,2023-02-14 05:00:00,1
SHP-000686,WH03,CUST-00044,2023-02-14,2023-02-14 12:00,0,0.0,2023-02-14,2023-02-14 12:00:00,1
SHP-002400,WH02,CUST-00170,2023-02-14,2023-02-14 16:00,1,16.9,2023-02-14,2023-02-14 16:00:00,1
SHP-001736,WH01,CUST-00079,2023-02-15,2023-02-15 01:00,1,1.6,2023-02-15,2023-02-15 01:00:00,1
SHP-001288,WH03,CUST-00174,2023-02-15,2023-02-15 04:00,0,0.0,2023-02-15,2023-02-15 04:00:00,1
SHP-004152,WH03,CUST-00167,2023-02-15,2023-02-15 07:00,0,0.0,2023-02-15,2023-02-15 07:00:00,1
SHP-003750,WH03,CUST-00066,2023-02-15,2023-02-15 08:00,0,0.0,2023-02-15,2023-02-15 08:00:00,1
SHP-001289,WH03,CUST-00085,2023-02-15,2023-02-15 13:00,0,0.0,2023-02-15,2023-02-15 13:00:00,1
SHP-000288,WH03,CUST-00128,2023-02-16,2023-02-16 00:00,0,0.0,2023-02-16,2023-02-16 00:00:00,1
SHP-004840,WH03,CUST-00154,2023-02-15,2023-02-16 08:00,1,32.3,2023-02-15,2023-02-16 08:00:00,0
SHP-000431,WH01,CUST-00176,2023-02-16,2023-02-16 13:00,0,0.0,2023-02-16,2023-02-16 13:00:00,1
SHP-000996,WH03,CUST-00180,2023-02-16,2023-02-16 15:00,0,0.0,2023-02-16,2023-02-16 15:00:00,1
SHP-001898,WH01,CUST-00064,2023-02-16,2023-02-16 16:00,0,0.0,2023-02-16,2023-02-16 16:00:00,1
SHP-000055,WH01,CUST-00180,2023-02-17,2023-02-17 00:00,0,0.0,2023-02-17,2023-02-17 00:00:00,1
SHP-003712,WH03,CUST-00122,2023-02-17,2023-02-17 03:00,0,0.0,2023-02-17,2023-02-17 03:00:00,1
SHP-004775,WH02,CUST-00151,2023-02-17,2023-02-17 08:00,0,0.0,2023-02-17,2023-02-17 08:00:00,1
SHP-000552,WH01,CUST-00173,2023-02-17,2023-02-17 10:00,0,0.0,2023-02-17,2023-02-17 10:00:00,1
SHP-003820,WH03,CUST-00047,2023-02-17,2023-02-17 17:00,0,0.0,2023-02-17,2023-02-17 17:00:00,1
SHP-004919,WH03,CUST-00077,2023-02-17,2023-02-17 19:00,0,0.0,2023-02-17,2023-02-17 19:00:00,1
SHP-004165,WH02,CUST-00139,2023-02-18,2023-02-18 06:00,0,0.0,2023-02-18,2023-02-18 06:00:00,1
SHP-000306,WH03,CUST-00090,2023-02-18,2023-02-18 11:00,1,11.3,2023-02-18,2023-02-18 11:00:00,1
SHP-000754,WH01,CUST-00166,2023-02-18,2023-02-18 19:00,0,0.0,2023-02-18,2023-02-18 19:00:00,1
SHP-004382,WH02,CUST-00129,2023-02-18,2023-02-18 21:00,1,21.0,2023-02-18,2023-02-18 21:00:00,1
SHP-002660,WH03,CUST-00189,2023-02-19,2023-02-19 04:00,1,4.8,2023-02-19,2023-02-19 04:00:00,1
SHP-002276,WH03,CUST-00050,2023-02-19,2023-02-19 05:00,0,0.0,2023-02-19,2023-02-19 05:00:00,1
SHP-001969,WH02,CUST-00015,2023-02-19,2023-02-19 08:00,0,0.0,2023-02-19,2023-02-19 08:00:00,1
SHP-003287,WH03,CUST-00040,2023-02-19,2023-02-19 09:00,0,0.0,2023-02-19,2023-02-19 09:00:00,1
SHP-000540,WH02,CUST-00128,2023-02-19,2023-02-19 12:00,0,0.0,2023-02-19,2023-02-19 12:00:00,1
SHP-004227,WH03,CUST-00176,2023-02-19,2023-02-19 16:00,1,16.7,2023-02-19,2023-02-19 16:00:00,1
SHP-002371,WH01,CUST-00026,2023-02-19,2023-02-19 18:00,1,18.0,2023-02-19,2023-02-19 18:00:00,1
SHP-001149,WH01,CUST-00155,2023-02-20,2023-02-20 02:00,0,0.0,2023-02-20,2023-02-20 02:00:00,1
SHP-001769,WH02,CUST-00135,2023-02-20,2023-02-20 02:00,0,0.0,2023-02-20,2023-02-20 02:00:00,1
SHP-000083,WH01,CUST-00011,2023-02-20,2023-02-20 07:00,0,0.0,2023-02-20,2023-02-20 07:00:00,1
SHP-002176,WH03,CUST-00196,2023-02-20,2023-02-20 16:00,0,0.0,2023-02-20,2023-02-20 16:00:00,1
SHP-001034,WH02,CUST-00156,2023-02-20,2023-02-20 18:00,0,0.0,2023-02-20,2023-02-20 18:00:00,1
SHP-004896,WH01,CUST-00187,2023-02-20,2023-02-20 19:00,0,0.0,2023-02-20,2023-02-20 19:00:00,1
SHP-002410,WH02,CUST-00123,2023-02-19,2023-02-20 21:00,1,45.7,2023-02-19,2023-02-20 21:00:00,0
SHP-003854,WH02,CUST-00131,2023-02-21,2023-02-21 02:00,0,0.0,2023-02-21,2023-02-21 02:00:00,1
SHP-000778,WH01,CUST-00021,2023-02-21,2023-02-21 09:00,0,0.0,2023-02-21,2023-02-21 09:00:00,1
SHP-001809,WH03,CUST-00063,2023-02-21,2023-02-21 09:00,1,9.4,2023-02-21,2023-02-21 09:00:00,1
SHP-004513,WH02,CUST-00122,2023-02-21,2023-02-21 10:00,0,0.0,2023-02-21,2023-02-21 10:00:00,1
SHP-000441,WH03,CUST-00032,2023-02-21,2023-02-21 12:00,0,0.0,2023-02-21,2023-02-21 12:00:00,1
SHP-002011,WH03,CUST-00145,2023-02-22,2023-02-22 02:00,1,2.2,2023-02-22,2023-02-22 02:00:00,1
SHP-002721,WH01,CUST-00037,2023-02-22,2023-02-22 03:00,0,0.0,2023-02-22,2023-02-22 03:00:00,1
SHP-004084,WH03,CUST-00005,2023-02-22,2023-02-22 04:00,0,0.0,2023-02-22,2023-02-22 04:00:00,1
SHP-003018,WH02,CUST-00073,2023-02-22,2023-02-22 07:00,0,0.0,2023-02-22,2023-02-22 07:00:00,1
SHP-002733,WH01,CUST-00034,2023-02-22,2023-02-22 08:00,0,0.0,2023-02-22,2023-02-22 08:00:00,1
SHP-003837,WH02,CUST-00108,2023-02-22,2023-02-22 11:00,0,0.0,2023-02-22,2023-02-22 11:00:00,1
SHP-001117,WH02,CUST-00112,2023-02-22,2023-02-22 13:00,0,0.0,2023-02-22,2023-02-22 13:00:00,1
SHP-004630,WH03,CUST-00087,2023-02-22,2023-02-22 14:00,0,0.0,2023-02-22,2023-02-22 14:00:00,1
SHP-003701,WH03,CUST-00185,2023-02-23,2023-02-23 00:00,0,0.0,2023-02-23,2023-02-23 00:00:00,1
SHP-003366,WH03,CUST-00130,2023-02-23,2023-02-23 02:00,0,0.0,2023-02-23,2023-02-23 02:00:00,1
SHP-003842,WH02,CUST-00081,2023-02-23,2023-02-23 09:00,0,0.0,2023-02-23,2023-02-23 09:00:00,1
SHP-002234,WH03,CUST-00189,2023-02-23,2023-02-23 13:00,0,0.0,2023-02-23,2023-02-23 13:00:00,1
SHP-004486,WH01,CUST-00064,2023-02-23,2023-02-23 13:00,0,0.0,2023-02-23,2023-02-23 13:00:00,1
SHP-002457,WH03,CUST-00111,2023-02-23,2023-02-23 17:00,0,0.0,2023-02-23,2023-02-23 17:00:00,1
SHP-002091,WH01,CUST-00138,2023-02-24,2023-02-24 05:00,0,0.0,2023-02-24,2023-02-24 05:00:00,1
SHP-004056,WH01,CUST-00015,2023-02-24,2023-02-24 05:00,1,5.9,2023-02-24,2023-02-24 05:00:00,1
SHP-003110,WH03,CUST-00099,2023-02-24,2023-02-24 11:00,0,0.0,2023-02-24,2023-02-24 11:00:00,1
SHP-000528,WH01,CUST-00002,2023-02-25,2023-02-25 04:00,0,0.0,2023-02-25,2023-02-25 04:00:00,1
SHP-003484,WH02,CUST-00137,2023-02-25,2023-02-25 08:00,0,0.0,2023-02-25,2023-02-25 08:00:00,1
SHP-000093,WH01,CUST-00065,2023-02-24,2023-02-25 10:00,1,34.7,2023-02-24,2023-02-25 10:00:00,0
SHP-000955,WH01,CUST-00092,2023-02-25,2023-02-25 14:00,0,0.0,2023-02-25,2023-02-25 14:00:00,1
SHP-000760,WH03,CUST-00198,2023-02-24,2023-02-25 17:00,1,41.9,2023-02-24,2023-02-25 17:00:00,0
SHP-004014,WH02,CUST-00178,2023-02-25,2023-02-26 07:00,1,31.6,2023-02-25,2023-02-26 07:00:00,0
SHP-003623,WH01,CUST-00196,2023-02-25,2023-02-26 10:00,1,34.5,2023-02-25,2023-02-26 10:00:00,0
SHP-004128,WH03,CUST-00083,2023-02-26,2023-02-26 11:00,0,0.0,2023-02-26,2023-02-26 11:00:00,1
SHP-004223,WH03,CUST-00076,2023-02-27,2023-02-27 03:00,0,0.0,2023-02-27,2023-02-27 03:00:00,1
SHP-001668,WH01,CUST-00159,2023-02-27,2023-02-27 03:00,0,0.0,2023-02-27,2023-02-27 03:00:00,1
SHP-002801,WH02,CUST-00151,2023-02-27,2023-02-27 07:00,0,0.0,2023-02-27,2023-02-27 07:00:00,1
SHP-004707,WH01,CUST-00178,2023-02-27,2023-02-27 16:00,0,0.0,2023-02-27,2023-02-27 16:00:00,1
SHP-004562,WH02,CUST-00195,2023-02-27,2023-02-27 16:00,0,0.0,2023-02-27,2023-02-27 16:00:00,1
SHP-002494,WH03,CUST-00103,2023-02-27,2023-02-27 18:00,0,0.0,2023-02-27,2023-02-27 18:00:00,1
SHP-001184,WH01,CUST-00113,2023-02-28,2023-02-28 01:00,0,0.0,2023-02-28,2023-02-28 01:00:00,1
SHP-004806,WH02,CUST-00197,2023-02-28,2023-02-28 01:00,0,0.0,2023-02-28,2023-02-28 01:00:00,1
SHP-002277,WH02,CUST-00081,2023-02-28,2023-02-28 03:00,0,0.0,2023-02-28,2023-02-28 03:00:00,1
SHP-001194,WH03,CUST-00071,2023-02-28,2023-02-28 05:00,0,0.0,2023-02-28,2023-02-28 05:00:00,1
SHP-001002,WH01,CUST-00033,2023-02-28,2023-02-28 10:00,0,0.0,2023-02-28,2023-02-28 10:00:00,1
SHP-003806,WH01,CUST-00051,2023-02-28,2023-02-28 13:00,0,0.0,2023-02-28,2023-02-28 13:00:00,1
SHP-004207,WH03,CUST-00023,2023-03-01,2023-03-01 09:00,0,0.0,2023-03-01,2023-03-01 09:00:00,1
SHP-002198,WH02,CUST-00176,2023-03-01,2023-03-01 10:00,1,10.6,2023-03-01,2023-03-01 10:00:00,1
SHP-001044,WH02,CUST-00143,2023-03-01,2023-03-01 13:00,0,0.0,2023-03-01,2023-03-01 13:00:00,1
SHP-004692,WH01,CUST-00077,2023-03-01,2023-03-01 17:00,0,0.0,2023-03-01,2023-03-01 17:00:00,1
SHP-001584,WH03,CUST-00143,2023-02-28,2023-03-01 22:00,1,46.6,2023-02-28,2023-03-01 22:00:00,0
SHP-004411,WH02,CUST-00113,2023-03-02,2023-03-02 13:00,0,0.0,2023-03-02,2023-03-02 13:00:00,1
SHP-000052,WH01,CUST-00092,2023-03-02,2023-03-02 18:00,0,0.0,2023-03-02,2023-03-02 18:00:00,1
SHP-001830,WH02,CUST-00041,2023-03-02,2023-03-02 18:00,0,0.0,2023-03-02,2023-03-02 18:00:00,1
SHP-003142,WH01,CUST-00031,2023-03-02,2023-03-02 19:00,0,0.0,2023-03-02,2023-03-02 19:00:00,1
SHP-001179,WH02,CUST-00005,2023-03-02,2023-03-03 01:00,1,25.4,2023-03-02,2023-03-03 01:00:00,0
SHP-001338,WH01,CUST-00143,2023-03-03,2023-03-03 02:00,0,0.0,2023-03-03,2023-03-03 02:00:00,1
SHP-001315,WH02,CUST-00154,2023-03-03,2023-03-03 06:00,0,0.0,2023-03-03,2023-03-03 06:00:00,1
SHP-003397,WH03,CUST-00198,2023-03-02,2023-03-03 06:00,1,30.6,2023-03-02,2023-03-03 06:00:00,0
SHP-001747,WH03,CUST-00048,2023-03-03,2023-03-03 11:00,0,0.0,2023-03-03,2023-03-03 11:00:00,1
SHP-002169,WH03,CUST-00062,2023-03-03,2023-03-03 11:00,0,0.0,2023-03-03,2023-03-03 11:00:00,1
SHP-003825,WH03,CUST-00063,2023-03-03,2023-03-03 13:00,0,0.0,2023-03-03,2023-03-03 13:00:00,1
SHP-003954,WH02,CUST-00023,2023-03-03,2023-03-03 14:00,0,0.0,2023-03-03,2023-03-03 14:00:00,1
SHP-003070,WH03,CUST-00163,2023-03-03,2023-03-03 14:00,0,0.0,2023-03-03,2023-03-03 14:00:00,1
SHP-003604,WH02,CUST-00051,2023-03-04,2023-03-04 05:00,0,0.0,2023-03-04,2023-03-04 05:00:00,1
SHP-002905,WH02,CUST-00194,2023-03-04,2023-03-04 08:00,0,0.0,2023-03-04,2023-03-04 08:00:00,1
SHP-004892,WH01,CUST-00169,2023-03-04,2023-03-04 10:00,0,0.0,2023-03-04,2023-03-04 10:00:00,1
SHP-002665,WH02,CUST-00093,2023-03-04,2023-03-04 13:00,0,0.0,2023-03-04,2023-03-04 13:00:00,1
SHP-003118,WH02,CUST-00021,2023-03-05,2023-03-05 05:00,0,0.0,2023-03-05,2023-03-05 05:00:00,1
SHP-000514,WH03,CUST-00006,2023-03-04,2023-03-05 06:00,1,30.9,2023-03-04,2023-03-05 06:00:00,0
SHP-004260,WH03,CUST-00075,2023-03-05,2023-03-05 15:00,0,0.0,2023-03-05,2023-03-05 15:00:00,1
SHP-003119,WH03,CUST-00169,2023-03-05,2023-03-05 17:00,1,17.8,2023-03-05,2023-03-05 17:00:00,1
SHP-004272,WH02,CUST-00027,2023-03-05,2023-03-05 19:00,0,0.0,2023-03-05,2023-03-05 19:00:00,1
SHP-004527,WH03,CUST-00069,2023-03-06,2023-03-06 02:00,0,0.0,2023-03-06,2023-03-06 02:00:00,1
SHP-002467,WH01,CUST-00133,2023-03-06,2023-03-06 03:00,0,0.0,2023-03-06,2023-03-06 03:00:00,1
SHP-001981,WH02,CUST-00066,2023-03-06,2023-03-06 05:00,1,5.3,2023-03-06,2023-03-06 05:00:00,1
SHP-001385,WH02,CUST-00048,2023-03-06,2023-03-06 06:00,1,6.3,2023-03-06,2023-03-06 06:00:00,1
SHP-003077,WH02,CUST-00054,2023-03-06,2023-03-06 07:00,0,0.0,2023-03-06,2023-03-06 07:00:00,1
SHP-000495,WH01,CUST-00106,2023-03-06,2023-03-06 09:00,0,0.0,2023-03-06,2023-03-06 09:00:00,1
SHP-001057,WH01,CUST-00089,2023-03-06,2023-03-06 11:00,0,0.0,2023-03-06,2023-03-06 11:00:00,1
SHP-000226,WH01,CUST-00082,2023-03-06,2023-03-06 12:00,0,0.0,2023-03-06,2023-03-06 12:00:00,1
SHP-000425,WH03,CUST-00179,2023-03-06,2023-03-06 14:00,0,0.0,2023-03-06,2023-03-06 14:00:00,1
SHP-002108,WH02,CUST-00086,2023-03-06,2023-03-06 18:00,0,0.0,2023-03-06,2023-03-06 18:00:00,1
SHP-004203,WH01,CUST-00167,2023-03-07,2023-03-07 07:00,0,0.0,2023-03-07,2023-03-07 07:00:00,1
SHP-001654,WH02,CUST-00064,2023-03-07,2023-03-07 10:00,0,0.0,2023-03-07,2023-03-07 10:00:00,1
SHP-000248,WH01,CUST-00164,2023-03-07,2023-03-07 12:00,0,0.0,2023-03-07,2023-03-07 12:00:00,1
SHP-001825,WH01,CUST-00016,2023-03-07,2023-03-07 12:00,0,0.0,2023-03-07,2023-03-07 12:00:00,1
SHP-000205,WH02,CUST-00130,2023-03-08,2023-03-08 02:00,0,0.0,2023-03-08,2023-03-08 02:00:00,1
SHP-004593,WH01,CUST-00029,2023-03-07,2023-03-08 04:00,1,28.0,2023-03-07,2023-03-08 04:00:00,0
SHP-003101,WH03,CUST-00188,2023-03-08,2023-03-08 04:00,0,0.0,2023-03-08,2023-03-08 04:00:00,1
SHP-004116,WH03,CUST-00079,2023-03-08,2023-03-08 11:00,0,0.0,2023-03-08,2023-03-08 11:00:00,1
SHP-002242,WH01,CUST-00131,2023-03-07,2023-03-08 13:00,1,37.1,2023-03-07,2023-03-08 13:00:00,0
SHP-001515,WH01,CUST-00025,2023-03-09,2023-03-09 13:00,0,0.0,2023-03-09,2023-03-09 13:00:00,1
SHP-003543,WH03,CUST-00154,2023-03-09,2023-03-09 14:00,0,0.0,2023-03-09,2023-03-09 14:00:00,1
SHP-002430,WH02,CUST-00067,2023-03-10,2023-03-10 01:00,0,0.0,2023-03-10,2023-03-10 01:00:00,1
SHP-000550,WH01,CUST-00112,2023-03-10,2023-03-10 01:00,0,0.0,2023-03-10,2023-03-10 01:00:00,1
SHP-004140,WH01,CUST-00163,2023-03-10,2023-03-10 08:00,1,8.4,2023-03-10,2023-03-10 08:00:00,1
SHP-004624,WH03,CUST-00171,2023-03-10,2023-03-10 14:00,0,0.0,2023-03-10,2023-03-10 14:00:00,1
SHP-002689,WH03,CUST-00187,2023-03-11,2023-03-11 08:00,0,0.0,2023-03-11,2023-03-11 08:00:00,1
SHP-002936,WH01,CUST-00165,2023-03-10,2023-03-11 09:00,1,33.7,2023-03-10,2023-03-11 09:00:00,0
SHP-001549,WH01,CUST-00045,2023-03-12,2023-03-12 01:00,0,0.0,2023-03-12,2023-03-12 01:00:00,1
SHP-000558,WH01,CUST-00143,2023-03-12,2023-03-12 04:00,0,0.0,2023-03-12,2023-03-12 04:00:00,1
SHP-004025,WH01,CUST-00024,2023-03-12,2023-03-12 06:00,0,0.0,2023-03-12,2023-03-12 06:00:00,1
SHP-003640,WH02,CUST-00015,2023-03-11,2023-03-12 07:00,1,31.4,2023-03-11,2023-03-12 07:00:00,0
SHP-004499,WH02,CUST-00131,2023-03-12,2023-03-12 09:00,0,0.0,2023-03-12,2023-03-12 09:00:00,1
SHP-002398,WH02,CUST-00115,2023-03-11,2023-03-12 10:00,1,34.2,2023-03-11,2023-03-12 10:00:00,0
SHP-001983,WH03,CUST-00007,2023-03-12,2023-03-12 17:00,0,0.0,2023-03-12,2023-03-12 17:00:00,1
SHP-002211,WH03,CUST-00097,2023-03-13,2023-03-13 00:00,0,0.0,2023-03-13,2023-03-13 00:00:00,1
SHP-003145,WH03,CUST-00146,2023-03-12,2023-03-13 03:00,1,27.5,2023-03-12,2023-03-13 03:00:00,0
SHP-000502,WH02,CUST-00138,2023-03-13,2023-03-13 05:00,0,0.0,2023-03-13,2023-03-13 05:00:00,1
SHP-002286,WH01,CUST-00052,2023-03-13,2023-03-13 08:00,0,0.0,2023-03-13,2023-03-13 08:00:00,1
SHP-000511,WH01,CUST-00042,2023-03-13,2023-03-13 11:00,0,0.0,2023-03-13,2023-03-13 11:00:00,1
SHP-002881,WH03,CUST-00116,2023-03-13,2023-03-13 13:00,0,0.0,2023-03-13,2023-03-13 13:00:00,1
SHP-003081,WH02,CUST-00105,2023-03-13,2023-03-13 17:00,0,0.0,2023-03-13,2023-03-13 17:00:00,1
SHP-001065,WH01,CUST-00195,2023-03-13,2023-03-14 05:00,1,29.4,2023-03-13,2023-03-14 05:00:00,0
SHP-001033,WH02,CUST-00088,2023-03-14,2023-03-14 05:00,0,0.0,2023-03-14,2023-03-14 05:00:00,1
SHP-004466,WH01,CUST-00112,2023-03-14,2023-03-14 08:00,0,0.0,2023-03-14,2023-03-14 08:00:00,1
SHP-002531,WH02,CUST-00154,2023-03-14,2023-03-14 09:00,0,0.0,2023-03-14,2023-03-14 09:00:00,1
SHP-002985,WH02,CUST-00057,2023-03-14,2023-03-14 09:00,0,0.0,2023-03-14,2023-03-14 09:00:00,1
SHP-004391,WH03,CUST-00005,2023-03-14,2023-03-14 14:00,0,0.0,2023-03-14,2023-03-14 14:00:00,1
SHP-000869,WH03,CUST-00070,2023-03-14,2023-03-14 16:00,0,0.0,2023-03-14,2023-03-14 16:00:00,1
SHP-004419,WH03,CUST-00175,2023-03-14,2023-03-14 18:00,0,0.0,2023-03-14,2023-03-14 18:00:00,1
SHP-002584,WH03,CUST-00019,2023-03-14,2023-03-14 22:00,1,22.8,2023-03-14,2023-03-14 22:00:00,1
SHP-004716,WH02,CUST-00049,2023-03-14,2023-03-14 23:00,1,23.2,2023-03-14,2023-03-14 23:00:00,1
SHP-001864,WH02,CUST-00050,2023-03-15,2023-03-15 02:00,0,0.0,2023-03-15,2023-03-15 02:00:00,1
SHP-001807,WH03,CUST-00002,2023-03-15,2023-03-15 07:00,0,0.0,2023-03-15,2023-03-15 07:00:00,1
SHP-003385,WH01,CUST-00010,2023-03-15,2023-03-15 18:00,0,0.0,2023-03-15,2023-03-15 18:00:00,1
SHP-003205,WH02,CUST-00003,2023-03-14,2023-03-15 19:00,1,43.1,2023-03-14,2023-03-15 19:00:00,0
SHP-002165,WH03,CUST-00150,2023-03-16,2023-03-16 06:00,0,0.0,2023-03-16,2023-03-16 06:00:00,1
SHP-000596,WH02,CUST-00011,2023-03-16,2023-03-16 06:00,0,0.0,2023-03-16,2023-03-16 06:00:00,1
SHP-000815,WH02,CUST-00199,2023-03-16,2023-03-16 09:00,0,0.0,2023-03-16,2023-03-16 09:00:00,1
SHP-000883,WH03,CUST-00048,2023-03-16,2023-03-16 10:00,0,0.0,2023-03-16,2023-03-16 10:00:00,1
SHP-002730,WH01,CUST-00013,2023-03-16,2023-03-16 12:00,0,0.0,2023-03-16,2023-03-16 12:00:00,1
SHP-004204,WH01,CUST-00067,2023-03-15,2023-03-16 13:00,1,37.3,2023-03-15,2023-03-16 13:00:00,0
SHP-002202,WH02,CUST-00182,2023-03-16,2023-03-16 13:00,0,0.0,2023-03-16,2023-03-16 13:00:00,1
SHP-003027,WH03,CUST-00018,2023-03-16,2023-03-16 13:00,0,0.0,2023-03-16,2023-03-16 13:00:00,1
SHP-002755,WH01,CUST-00029,2023-03-16,2023-03-16 14:00,0,0.0,2023-03-16,2023-03-16 14:00:00,1
SHP-002649,WH01,CUST-00153,2023-03-16,2023-03-16 16:00,1,16.8,2023-03-16,2023-03-16 16:00:00,1
SHP-004480,WH01,CUST-00143,2023-03-16,2023-03-16 17:00,0,0.0,2023-03-16,2023-03-16 17:00:00,1
SHP-002617,WH03,CUST-00084,2023-03-16,2023-03-16 17:00,0,0.0,2023-03-16,2023-03-16 17:00:00,1
SHP-000987,WH03,CUST-00170,2023-03-16,2023-03-16 18:00,0,0.0,2023-03-16,2023-03-16 18:00:00,1
SHP-000549,WH02,CUST-00073,2023-03-17,2023-03-17 00:00,0,0.0,2023-03-17,2023-03-17 00:00:00,1
SHP-002670,WH02,CUST-00104,2023-03-17,2023-03-17 04:00,0,0.0,2023-03-17,2023-03-17 04:00:00,1
SHP-002196,WH02,CUST-00184,2023-03-17,2023-03-17 08:00,0,0.0,2023-03-17,2023-03-17 08:00:00,1
SHP-002459,WH01,CUST-00189,2023-03-17,2023-03-17 12:00,1,12.9,2023-03-17,2023-03-17 12:00:00,1
SHP-004827,WH02,CUST-00119,2023-03-18,2023-03-18 01:00,0,0.0,2023-03-18,2023-03-18 01:00:00,1
SHP-003436,WH02,CUST-00117,2023-03-18,2023-03-18 04:00,0,0.0,2023-03-18,2023-03-18 04:00:00,1
SHP-002423,WH01,CUST-00143,2023-03-18,2023-03-18 05:00,0,0.0,2023-03-18,2023-03-18 05:00:00,1
SHP-002779,WH01,CUST-00180,2023-03-18,2023-03-18 07:00,0,0.0,2023-03-18,2023-03-18 07:00:00,1
SHP-004994,WH03,CUST-00179,2023-03-18,2023-03-18 09:00,0,0.0,2023-03-18,2023-03-18 09:00:00,1
SHP-001390,WH01,CUST-00084,2023-03-18,2023-03-18 16:00,0,0.0,2023-03-18,2023-03-18 16:00:00,1
SHP-002904,WH03,CUST-00197,2023-03-19,2023-03-19 01:00,0,0.0,2023-03-19,2023-03-19 01:00:00,1
SHP-001450,WH03,CUST-00114,2023-03-19,2023-03-19 11:00,1,11.0,2023-03-19,2023-03-19 11:00:00,1
SHP-000054,WH01,CUST-00056,2023-03-19,2023-03-19 14:00,0,0.0,2023-03-19,2023-03-19 14:00:00,1
SHP-000655,WH01,CUST-00184,2023-03-19,2023-03-19 15:00,0,0.0,2023-03-19,2023-03-19 15:00:00,1
SHP-004764,WH01,CUST-00100,2023-03-20,2023-03-20 01:00,1,1.4,2023-03-20,2023-03-20 01:00:00,1
SHP-000643,WH01,CUST-00004,2023-03-20,2023-03-20 01:00,0,0.0,2023-03-20,2023-03-20 01:00:00,1
SHP-001993,WH01,CUST-00156,2023-03-20,2023-03-20 04:00,0,0.0,2023-03-20,2023-03-20 04:00:00,1
SHP-003779,WH02,CUST-00109,2023-03-20,2023-03-20 07:00,1,7.5,2023-03-20,2023-03-20 07:00:00,1
SHP-004607,WH02,CUST-00116,2023-03-20,2023-03-20 09:00,0,0.0,2023-03-20,2023-03-20 09:00:00,1
SHP-004202,WH03,CUST-00004,2023-03-20,2023-03-20 13:00,0,0.0,2023-03-20,2023-03-20 13:00:00,1
SHP-003849,WH02,CUST-00107,2023-03-20,2023-03-20 14:00,0,0.0,2023-03-20,2023-03-20 14:00:00,1
SHP-004345,WH01,CUST-00046,2023-03-21,2023-03-21 02:00,0,0.0,2023-03-21,2023-03-21 02:00:00,1
SHP-004012,WH02,CUST-00035,2023-03-21,2023-03-21 03:00,0,0.0,2023-03-21,2023-03-21 03:00:00,1
SHP-003510,WH02,CUST-00129,2023-03-21,2023-03-21 07:00,0,0.0,2023-03-21,2023-03-21 07:00:00,1
SHP-000372,WH02,CUST-00119,2023-03-20,2023-03-21 08:00,1,32.6,2023-03-20,2023-03-21 08:00:00,0
SHP-002109,WH02,CUST-00159,2023-03-21,2023-03-21 09:00,1,9.7,2023-03-21,2023-03-21 09:00:00,1
SHP-001453,WH02,CUST-00140,2023-03-21,2023-03-21 12:00,0,0.0,2023-03-21,2023-03-21 12:00:00,1
SHP-001447,WH02,CUST-00137,2023-03-21,2023-03-21 12:00,0,0.0,2023-03-21,2023-03-21 12:00:00,1
SHP-003654,WH03,CUST-00018,2023-03-21,2023-03-21 13:00,1,13.7,2023-03-21,2023-03-21 13:00:00,1
SHP-001790,WH03,CUST-00116,2023-03-22,2023-03-22 01:00,0,0.0,2023-03-22,2023-03-22 01:00:00,1
SHP-004417,WH03,CUST-00107,2023-03-22,2023-03-22 07:00,0,0.0,2023-03-22,2023-03-22 07:00:00,1
SHP-001468,WH03,CUST-00046,2023-03-22,2023-03-22 07:00,0,0.0,2023-03-22,2023-03-22 07:00:00,1
SHP-001563,WH03,CUST-00191,2023-03-22,2023-03-22 10:00,0,0.0,2023-03-22,2023-03-22 10:00:00,1
SHP-004801,WH03,CUST-00039,2023-03-22,2023-03-22 12:00,0,0.0,2023-03-22,2023-03-22 12:00:00,1
SHP-002968,WH02,CUST-00092,2023-03-22,2023-03-22 18:00,0,0.0,2023-03-22,2023-03-22 18:00:00,1
SHP-004213,WH01,CUST-00159,2023-03-23,2023-03-23 01:00,0,0.0,2023-03-23,2023-03-23 01:00:00,1
SHP-004160,WH02,CUST-00089,2023-03-23,2023-03-23 05:00,0,0.0,2023-03-23,2023-03-23 05:00:00,1
SHP-000420,WH01,CUST-00177,2023-03-23,2023-03-23 08:00,0,0.0,2023-03-23,2023-03-23 08:00:00,1
SHP-003461,WH03,CUST-00058,2023-03-22,2023-03-23 13:00,1,37.2,2023-03-22,2023-03-23 13:00:00,0
SHP-004960,WH02,CUST-00171,2023-03-23,2023-03-23 14:00,1,14.4,2023-03-23,2023-03-23 14:00:00,1
SHP-001497,WH01,CUST-00135,2023-03-24,2023-03-24 00:00,0,0.0,2023-03-24,2023-03-24 00:00:00,1
SHP-003892,WH01,CUST-00133,2023-03-24,2023-03-24 08:00,1,8.1,2023-03-24,2023-03-24 08:00:00,1
SHP-004583,WH01,CUST-00002,2023-03-24,2023-03-24 11:00,0,0.0,2023-03-24,2023-03-24 11:00:00,1
SHP-003134,WH02,CUST-00188,2023-03-24,2023-03-24 12:00,0,0.0,2023-03-24,2023-03-24 12:00:00,1
SHP-003744,WH03,CUST-00059,2023-03-24,2023-03-24 13:00,0,0.0,2023-03-24,2023-03-24 13:00:00,1
SHP-001821,WH01,CUST-00146,2023-03-23,2023-03-24 17:00,1,41.1,2023-03-23,2023-03-24 17:00:00,0
SHP-000749,WH01,CUST-00145,2023-03-25,2023-03-25 04:00,0,0.0,2023-03-25,2023-03-25 04:00:00,1
SHP-002654,WH03,CUST-00189,2023-03-25,2023-03-25 04:00,0,0.0,2023-03-25,2023-03-25 04:00:00,1
SHP-000957,WH02,CUST-00042,2023-03-25,2023-03-25 06:00,0,0.0,2023-03-25,2023-03-25 06:00:00,1
SHP-000716,WH02,CUST-00019,2023-03-26,2023-03-26 03:00,0,0.0,2023-03-26,2023-03-26 03:00:00,1
SHP-004588,WH02,CUST-00178,2023-03-26,2023-03-26 06:00,0,0.0,2023-03-26,2023-03-26 06:00:00,1
SHP-001840,WH03,CUST-00079,2023-03-26,2023-03-26 07:00,0,0.0,2023-03-26,2023-03-26 07:00:00,1
SHP-003425,WH01,CUST-00119,2023-03-26,2023-03-26 08:00,0,0.0,2023-03-26,2023-03-26 08:00:00,1
SHP-000630,WH01,CUST-00151,2023-03-26,2023-03-26 08:00,0,0.0,2023-03-26,2023-03-26 08:00:00,1
SHP-004907,WH03,CUST-00013,2023-03-27,2023-03-27 04:00,0,0.0,2023-03-27,2023-03-27 04:00:00,1
SHP-002428,WH02,CUST-00090,2023-03-27,2023-03-27 06:00,0,0.0,2023-03-27,2023-03-27 06:00:00,1
SHP-000115,WH03,CUST-00007,2023-03-27,2023-03-27 13:00,0,0.0,2023-03-27,2023-03-27 13:00:00,1
SHP-001439,WH02,CUST-00180,2023-03-27,2023-03-27 14:00,0,0.0,2023-03-27,2023-03-27 14:00:00,1
SHP-003891,WH03,CUST-00106,2023-03-28,2023-03-28 07:00,0,0.0,2023-03-28,2023-03-28 07:00:00,1
SHP-002063,WH03,CUST-00149,2023-03-28,2023-03-28 11:00,0,0.0,2023-03-28,2023-03-28 11:00:00,1
SHP-000522,WH01,CUST-00089,2023-03-28,2023-03-28 15:00,0,0.0,2023-03-28,2023-03-28 15:00:00,1
SHP-004092,WH03,CUST-00085,2023-03-28,2023-03-28 17:00,0,0.0,2023-03-28,2023-03-28 17:00:00,1
SHP-001314,WH02,CUST-00057,2023-03-28,2023-03-28 18:00,0,0.0,2023-03-28,2023-03-28 18:00:00,1
SHP-003943,WH02,CUST-00178,2023-03-29,2023-03-29 01:00,0,0.0,2023-03-29,2023-03-29 01:00:00,1
SHP-004005,WH03,CUST-00197,2023-03-29,2023-03-29 11:00,0,0.0,2023-03-29,2023-03-29 11:00:00,1
SHP-004861,WH03,CUST-00149,2023-03-29,2023-03-29 15:00,0,0.0,2023-03-29,2023-03-29 15:00:00,1
SHP-000959,WH02,CUST-00030,2023-03-29,2023-03-29 19:00,0,0.0,2023-03-29,2023-03-29 19:00:00,1
SHP-002575,WH01,CUST-00076,2023-03-30,2023-03-30 02:00,0,0.0,2023-03-30,2023-03-30 02:00:00,1
SHP-002552,WH02,CUST-00182,2023-03-30,2023-03-30 05:00,0,0.0,2023-03-30,2023-03-30 05:00:00,1
SHP-001254,WH03,CUST-00111,2023-03-30,2023-03-30 06:00,0,0.0,2023-03-30,2023-03-30 06:00:00,1
SHP-003100,WH02,CUST-00089,2023-03-30,2023-03-30 08:00,0,0.0,2023-03-30,2023-03-30 08:00:00,1
SHP-002433,WH01,CUST-00179,2023-03-29,2023-03-30 16:00,1,40.6,2023-03-29,2023-03-30 16:00:00,0
SHP-000496,WH01,CUST-00106,2023-03-30,2023-03-30 18:00,0,0.0,2023-03-30,2023-03-30 18:00:00,1
SHP-002369,WH03,CUST-00148,2023-03-30,2023-03-30 18:00,0,0.0,2023-03-30,2023-03-30 18:00:00,1
SHP-004935,WH02,CUST-00057,2023-03-31,2023-03-31 05:00,0,0.0,2023-03-31,2023-03-31 05:00:00,1
SHP-003080,WH01,CUST-00092,2023-03-31,2023-03-31 07:00,0,0.0,2023-03-31,2023-03-31 07:00:00,1
SHP-004127,WH01,CUST-00009,2023-03-31,2023-03-31 09:00,0,0.0,2023-03-31,2023-03-31 09:00:00,1
SHP-000193,WH02,CUST-00141,2023-03-31,2023-03-31 11:00,0,0.0,2023-03-31,2023-03-31 11:00:00,1
SHP-001525,WH02,CUST-00094,2023-04-01,2023-04-01 06:00,0,0.0,2023-04-01,2023-04-01 06:00:00,1
SHP-002943,WH01,CUST-00111,2023-04-01,2023-04-01 10:00,0,0.0,2023-04-01,2023-04-01 10:00:00,1
SHP-001902,WH03,CUST-00105,2023-03-31,2023-04-01 11:00,1,35.1,2023-03-31,2023-04-01 11:00:00,0
SHP-001351,WH02,CUST-00015,2023-03-31,2023-04-01 13:00,1,37.4,2023-03-31,2023-04-01 13:00:00,0
SHP-000463,WH01,CUST-00145,2023-04-02,2023-04-02 05:00,0,0.0,2023-04-02,2023-04-02 05:00:00,1
SHP-001027,WH02,CUST-00186,2023-04-02,2023-04-02 07:00,0,0.0,2023-04-02,2023-04-02 07:00:00,1
SHP-003114,WH01,CUST-00032,2023-04-02,2023-04-02 09:00,0,0.0,2023-04-02,2023-04-02 09:00:00,1
SHP-003196,WH03,CUST-00021,2023-04-02,2023-04-02 09:00,1,9.3,2023-04-02,2023-04-02 09:00:00,1
SHP-002752,WH03,CUST-00144,2023-04-02,2023-04-02 22:00,1,22.9,2023-04-02,2023-04-02 22:00:00,1
SHP-001799,WH02,CUST-00047,2023-04-03,2023-04-03 00:00,0,0.0,2023-04-03,2023-04-03 00:00:00,1
SHP-001020,WH01,CUST-00081,2023-04-03,2023-04-03 00:00,0,0.0,2023-04-03,2023-04-03 00:00:00,1
SHP-002471,WH02,CUST-00098,2023-04-03,2023-04-03 05:00,0,0.0,2023-04-03,2023-04-03 05:00:00,1
SHP-004784,WH01,CUST-00179,2023-04-03,2023-04-03 06:00,0,0.0,2023-04-03,2023-04-03 06:00:00,1
SHP-002153,WH03,CUST-00084,2023-04-03,2023-04-03 07:00,0,0.0,2023-04-03,2023-04-03 07:00:00,1
SHP-002672,WH01,CUST-00196,2023-04-03,2023-04-03 09:00,0,0.0,2023-04-03,2023-04-03 09:00:00,1
SHP-004076,WH01,CUST-00181,2023-04-03,2023-04-03 09:00,0,0.0,2023-04-03,2023-04-03 09:00:00,1
SHP-000806,WH02,CUST-00073,2023-04-03,2023-04-04 03:00,1,27.9,2023-04-03,2023-04-04 03:00:00,0
SHP-003115,WH02,CUST-00101,2023-04-04,2023-04-04 03:00,0,0.0,2023-04-04,2023-04-04 03:00:00,1
SHP-004142,WH02,CUST-00174,2023-04-04,2023-04-04 05:00,0,0.0,2023-04-04,2023-04-04 05:00:00,1
SHP-003830,WH02,CUST-00111,2023-04-04,2023-04-04 13:00,0,0.0,2023-04-04,2023-04-04 13:00:00,1
SHP-001455,WH02,CUST-00092,2023-04-04,2023-04-04 14:00,0,0.0,2023-04-04,2023-04-04 14:00:00,1
SHP-001608,WH03,CUST-00186,2023-04-05,2023-04-05 03:00,0,0.0,2023-04-05,2023-04-05 03:00:00,1
SHP-003013,WH03,CUST-00180,2023-04-05,2023-04-05 05:00,0,0.0,2023-04-05,2023-04-05 05:00:00,1
SHP-001235,WH02,CUST-00123,2023-04-05,2023-04-05 09:00,0,0.0,2023-04-05,2023-04-05 09:00:00,1
SHP-001159,WH03,CUST-00178,2023-04-05,2023-04-05 11:00,0,0.0,2023-04-05,2023-04-05 11:00:00,1
SHP-004613,WH03,CUST-00083,2023-04-05,2023-04-05 12:00,0,0.0,2023-04-05,2023-04-05 12:00:00,1
SHP-002875,WH03,CUST-00162,2023-04-04,2023-04-05 18:00,1,42.2,2023-04-04,2023-04-05 18:00:00,0
SHP-003143,WH03,CUST-00034,2023-04-05,2023-04-06 00:00,1,24.9,2023-04-05,2023-04-06 00:00:00,1
SHP-004364,WH01,CUST-00130,2023-04-06,2023-04-06 02:00,0,0.0,2023-04-06,2023-04-06 02:00:00,1
SHP-001765,WH02,CUST-00039,2023-04-06,2023-04-06 06:00,0,0.0,2023-04-06,2023-04-06 06:00:00,1
SHP-001653,WH02,CUST-00052,2023-04-06,2023-04-06 06:00,0,0.0,2023-04-06,2023-04-06 06:00:00,1
SHP-002809,WH03,CUST-00146,2023-04-06,2023-04-06 07:00,0,0.0,2023-04-06,2023-04-06 07:00:00,1
SHP-000644,WH03,CUST-00009,2023-04-05,2023-04-06 07:00,1,31.0,2023-04-05,2023-04-06 07:00:00,0
SHP-003097,WH03,CUST-00046,2023-04-06,2023-04-06 08:00,0,0.0,2023-04-06,2023-04-06 08:00:00,1
SHP-001963,WH02,CUST-00068,2023-04-06,2023-04-06 12:00,0,0.0,2023-04-06,2023-04-06 12:00:00,1
SHP-000460,WH01,CUST-00159,2023-04-06,2023-04-06 16:00,0,0.0,2023-04-06,2023-04-06 16:00:00,1
SHP-002498,WH03,CUST-00098,2023-04-06,2023-04-06 19:00,0,0.0,2023-04-06,2023-04-06 19:00:00,1
SHP-001812,WH03,CUST-00180,2023-04-07,2023-04-07 01:00,0,0.0,2023-04-07,2023-04-07 01:00:00,1
SHP-000670,WH01,CUST-00027,2023-04-07,2023-04-07 03:00,0,0.0,2023-04-07,2023-04-07 03:00:00,1
SHP-003446,WH02,CUST-00106,2023-04-07,2023-04-07 09:00,0,0.0,2023-04-07,2023-04-07 09:00:00,1
SHP-004679,WH03,CUST-00138,2023-04-07,2023-04-07 09:00,0,0.0,2023-04-07,2023-04-07 09:00:00,1
SHP-003570,WH03,CUST-00132,2023-04-07,2023-04-07 11:00,0,0.0,2023-04-07,2023-04-07 11:00:00,1
SHP-000415,WH01,CUST-00120,2023-04-07,2023-04-07 13:00,0,0.0,2023-04-07,2023-04-07 13:00:00,1
SHP-003506,WH01,CUST-00101,2023-04-07,2023-04-07 14:00,0,0.0,2023-04-07,2023-04-07 14:00:00,1
SHP-001292,WH02,CUST-00134,2023-04-07,2023-04-07 15:00,0,0.0,2023-04-07,2023-04-07 15:00:00,1
SHP-001615,WH03,CUST-00039,2023-04-07,2023-04-07 18:00,0,0.0,2023-04-07,2023-04-07 18:00:00,1
SHP-002770,WH01,CUST-00147,2023-04-07,2023-04-07 18:00,1,18.1,2023-04-07,2023-04-07 18:00:00,1
SHP-000687,WH01,CUST-00061,2023-04-07,2023-04-07 19:00,1,19.4,2023-04-07,2023-04-07 19:00:00,1
SHP-002024,WH03,CUST-00042,2023-04-08,2023-04-08 00:00,0,0.0,2023-04-08,2023-04-08 00:00:00,1
SHP-004850,WH02,CUST-00200,2023-04-08,2023-04-08 03:00,0,0.0,2023-04-08,2023-04-08 03:00:00,1
SHP-001987,WH02,CUST-00080,2023-04-08,2023-04-08 08:00,0,0.0,2023-04-08,2023-04-08 08:00:00,1
SHP-004225,WH03,CUST-00075,2023-04-08,2023-04-08 09:00,0,0.0,2023-04-08,2023-04-08 09:00:00,1
SHP-004485,WH02,CUST-00132,2023-04-08,2023-04-08 11:00,0,0.0,2023-04-08,2023-04-08 11:00:00,1
SHP-002889,WH02,CUST-00158,2023-04-08,2023-04-08 13:00,0,0.0,2023-04-08,2023-04-08 13:00:00,1
SHP-003032,WH02,CUST-00138,2023-04-08,2023-04-08 14:00,0,0.0,2023-04-08,2023-04-08 14:00:00,1
SHP-004705,WH01,CUST-00113,2023-04-07,2023-04-08 21:00,1,45.7,2023-04-07,2023-04-08 21:00:00,0
SHP-004380,WH02,CUST-00151,2023-04-09,2023-04-09 06:00,0,0.0,2023-04-09,2023-04-09 06:00:00,1
SHP-000221,WH03,CUST-00080,2023-04-09,2023-04-09 13:00,0,0.0,2023-04-09,2023-04-09 13:00:00,1
SHP-001492,WH01,CUST-00169,2023-04-09,2023-04-09 15:00,0,0.0,2023-04-09,2023-04-09 15:00:00,1
SHP-000979,WH03,CUST-00010,2023-04-09,2023-04-09 16:00,0,0.0,2023-04-09,2023-04-09 16:00:00,1
SHP-002637,WH01,CUST-00051,2023-04-10,2023-04-10 02:00,0,0.0,2023-04-10,2023-04-10 02:00:00,1
SHP-002082,WH03,CUST-00089,2023-04-10,2023-04-10 07:00,0,0.0,2023-04-10,2023-04-10 07:00:00,1
SHP-004265,WH03,CUST-00144,2023-04-10,2023-04-10 08:00,0,0.0,2023-04-10,2023-04-10 08:00:00,1
SHP-004507,WH03,CUST-00143,2023-04-10,2023-04-10 15:00,0,0.0,2023-04-10,2023-04-10 15:00:00,1
SHP-000826,WH02,CUST-00143,2023-04-10,2023-04-10 17:00,0,0.0,2023-04-10,2023-04-10 17:00:00,1
SHP-000013,WH02,CUST-00186,2023-04-10,2023-04-10 18:00,1,18.6,2023-04-10,2023-04-10 18:00:00,1
SHP-000823,WH02,CUST-00041,2023-04-09,2023-04-10 18:00,1,42.7,2023-04-09,2023-04-10 18:00:00,0
SHP-002539,WH03,CUST-00199,2023-04-11,2023-04-11 00:00,0,0.0,2023-04-11,2023-04-11 00:00:00,1
SHP-002363,WH03,CUST-00022,2023-04-11,2023-04-11 01:00,0,0.0,2023-04-11,2023-04-11 01:00:00,1
SHP-003112,WH03,CUST-00157,2023-04-11,2023-04-11 08:00,0,0.0,2023-04-11,2023-04-11 08:00:00,1
SHP-000885,WH01,CUST-00081,2023-04-11,2023-04-11 17:00,0,0.0,2023-04-11,2023-04-11 17:00:00,1
SHP-003242,WH01,CUST-00109,2023-04-12,2023-04-12 04:00,0,0.0,2023-04-12,2023-04-12 04:00:00,1
SHP-000186,WH02,CUST-00194,2023-04-12,2023-04-12 13:00,0,0.0,2023-04-12,2023-04-12 13:00:00,1
SHP-000376,WH03,CUST-00174,2023-04-12,2023-04-12 14:00,0,0.0,2023-04-12,2023-04-12 14:00:00,1
SHP-004176,WH03,CUST-00060,2023-04-12,2023-04-12 15:00,0,0.0,2023-04-12,2023-04-12 15:00:00,1
SHP-004401,WH01,CUST-00189,2023-04-12,2023-04-12 17:00,0,0.0,2023-04-12,2023-04-12 17:00:00,1
SHP-004913,WH02,CUST-00151,2023-04-11,2023-04-12 18:00,1,42.5,2023-04-11,2023-04-12 18:00:00,0
SHP-004234,WH02,CUST-00167,2023-04-12,2023-04-12 22:00,1,22.6,2023-04-12,2023-04-12 22:00:00,1
SHP-004523,WH02,CUST-00177,2023-04-13,2023-04-13 00:00,0,0.0,2023-04-13,2023-04-13 00:00:00,1
SHP-002341,WH03,CUST-00037,2023-04-13,2023-04-13 01:00,0,0.0,2023-04-13,2023-04-13 01:00:00,1
SHP-001714,WH01,CUST-00152,2023-04-13,2023-04-13 04:00,0,0.0,2023-04-13,2023-04-13 04:00:00,1
SHP-004667,WH03,CUST-00182,2023-04-13,2023-04-13 05:00,0,0.0,2023-04-13,2023-04-13 05:00:00,1
SHP-001694,WH02,CUST-00137,2023-04-13,2023-04-13 12:00,0,0.0,2023-04-13,2023-04-13 12:00:00,1
SHP-000589,WH01,CUST-00185,2023-04-12,2023-04-13 13:00,1,37.7,2023-04-12,2023-04-13 13:00:00,0
SHP-004075,WH03,CUST-00147,2023-04-13,2023-04-13 19:00,0,0.0,2023-04-13,2023-04-13 19:00:00,1
SHP-003465,WH02,CUST-00106,2023-04-14,2023-04-14 06:00,0,0.0,2023-04-14,2023-04-14 06:00:00,1
SHP-000247,WH02,CUST-00010,2023-04-14,2023-04-14 09:00,0,0.0,2023-04-14,2023-04-14 09:00:00,1
SHP-000975,WH02,CUST-00167,2023-04-14,2023-04-14 15:00,1,15.7,2023-04-14,2023-04-14 15:00:00,1
SHP-004639,WH02,CUST-00046,2023-04-15,2023-04-15 00:00,0,0.0,2023-04-15,2023-04-15 00:00:00,1
SHP-001869,WH03,CUST-00163,2023-04-15,2023-04-15 01:00,0,0.0,2023-04-15,2023-04-15 01:00:00,1
SHP-000846,WH01,CUST-00183,2023-04-14,2023-04-15 06:00,1,30.3,2023-04-14,2023-04-15 06:00:00,0
SHP-001025,WH02,CUST-00119,2023-04-15,2023-04-15 06:00,0,0.0,2023-04-15,2023-04-15 06:00:00,1
SHP-003751,WH02,CUST-00016,2023-04-15,2023-04-15 07:00,0,0.0,2023-04-15,2023-04-15 07:00:00,1
SHP-003508,WH03,CUST-00086,2023-04-15,2023-04-15 08:00,0,0.0,2023-04-15,2023-04-15 08:00:00,1
SHP-003488,WH03,CUST-00018,2023-04-15,2023-04-15 11:00,0,0.0,2023-04-15,2023-04-15 11:00:00,1
SHP-003123,WH03,CUST-00189,2023-04-15,2023-04-15 14:00,0,0.0,2023-04-15,2023-04-15 14:00:00,1
SHP-000406,WH03,CUST-00122,2023-04-14,2023-04-15 14:00,1,38.8,2023-04-14,2023-04-15 14:00:00,0
SHP-004501,WH01,CUST-00059,2023-04-15,2023-04-15 15:00,0,0.0,2023-04-15,2023-04-15 15:00:00,1
SHP-000314,WH03,CUST-00010,2023-04-15,2023-04-15 18:00,0,0.0,2023-04-15,2023-04-15 18:00:00,1
SHP-000648,WH02,CUST-00082,2023-04-16,2023-04-16 02:00,0,0.0,2023-04-16,2023-04-16 02:00:00,1
SHP-001599,WH03,CUST-00055,2023-04-16,2023-04-16 02:00,0,0.0,2023-04-16,2023-04-16 02:00:00,1
SHP-004754,WH02,CUST-00070,2023-04-16,2023-04-16 04:00,0,0.0,2023-04-16,2023-04-16 04:00:00,1
SHP-000841,WH01,CUST-00133,2023-04-16,2023-04-16 04:00,0,0.0,2023-04-16,2023-04-16 04:00:00,1
SHP-000834,WH03,CUST-00162,2023-04-16,2023-04-16 10:00,0,0.0,2023-04-16,2023-04-16 10:00:00,1
SHP-000825,WH01,CUST-00045,2023-04-16,2023-04-16 10:00,0,0.0,2023-04-16,2023-04-16 10:00:00,1
SHP-000192,WH02,CUST-00077,2023-04-16,2023-04-16 17:00,0,0.0,2023-04-16,2023-04-16 17:00:00,1
SHP-002256,WH02,CUST-00189,2023-04-17,2023-04-17 00:00,0,0.0,2023-04-17,2023-04-17 00:00:00,1
SHP-003797,WH02,CUST-00075,2023-04-17,2023-04-17 02:00,0,0.0,2023-04-17,2023-04-17 02:00:00,1
SHP-001253,WH03,CUST-00052,2023-04-17,2023-04-17 02:00,0,0.0,2023-04-17,2023-04-17 02:00:00,1
SHP-000567,WH03,CUST-00111,2023-04-17,2023-04-17 05:00,1,5.7,2023-04-17,2023-04-17 05:00:00,1
SHP-004216,WH03,CUST-00076,2023-04-16,2023-04-17 08:00,1,32.6,2023-04-16,2023-04-17 08:00:00,0
SHP-003314,WH02,CUST-00075,2023-04-17,2023-04-17 12:00,0,0.0,2023-04-17,2023-04-17 12:00:00,1
SHP-003988,WH01,CUST-00028,2023-04-17,2023-04-17 13:00,0,0.0,2023-04-17,2023-04-17 13:00:00,1
SHP-001429,WH03,CUST-00040,2023-04-17,2023-04-17 18:00,0,0.0,2023-04-17,2023-04-17 18:00:00,1
SHP-003922,WH01,CUST-00063,2023-04-17,2023-04-17 21:00,1,21.0,2023-04-17,2023-04-17 21:00:00,1
SHP-003256,WH03,CUST-00143,2023-04-16,2023-04-17 22:00,1,46.8,2023-04-16,2023-04-17 22:00:00,0
SHP-003014,WH01,CUST-00049,2023-04-18,2023-04-18 03:00,0,0.0,2023-04-18,2023-04-18 03:00:00,1
SHP-001496,WH03,CUST-00123,2023-04-18,2023-04-18 04:00,0,0.0,2023-04-18,2023-04-18 04:00:00,1
SHP-004249,WH02,CUST-00078,2023-04-18,2023-04-18 06:00,0,0.0,2023-04-18,2023-04-18 06:00:00,1
SHP-001510,WH02,CUST-00049,2023-04-18,2023-04-18 12:00,0,0.0,2023-04-18,2023-04-18 12:00:00,1
SHP-000569,WH02,CUST-00075,2023-04-18,2023-04-18 14:00,1,14.5,2023-04-18,2023-04-18 14:00:00,1
SHP-004348,WH02,CUST-00027,2023-04-18,2023-04-18 23:00,1,23.3,2023-04-18,2023-04-18 23:00:00,1
SHP-004713,WH01,CUST-00083,2023-04-19,2023-04-19 02:00,0,0.0,2023-04-19,2023-04-19 02:00:00,1
SHP-004324,WH01,CUST-00028,2023-04-19,2023-04-19 07:00,0,0.0,2023-04-19,2023-04-19 07:00:00,1
SHP-004538,WH03,CUST-00084,2023-04-19,2023-04-19 10:00,0,0.0,2023-04-19,2023-04-19 10:00:00,1
SHP-004389,WH03,CUST-00062,2023-04-20,2023-04-20 00:00,0,0.0,2023-04-20,2023-04-20 00:00:00,1
SHP-002764,WH03,CUST-00126,2023-04-20,2023-04-20 01:00,0,0.0,2023-04-20,2023-04-20 01:00:00,1
SHP-004596,WH01,CUST-00195,2023-04-20,2023-04-20 02:00,0,0.0,2023-04-20,2023-04-20 02:00:00,1
SHP-003248,WH01,CUST-00139,2023-04-20,2023-04-20 03:00,0,0.0,2023-04-20,2023-04-20 03:00:00,1
SHP-001688,WH03,CUST-00119,2023-04-20,2023-04-20 06:00,0,0.0,2023-04-20,2023-04-20 06:00:00,1
SHP-003111,WH03,CUST-00042,2023-04-20,2023-04-20 07:00,0,0.0,2023-04-20,2023-04-20 07:00:00,1
SHP-002683,WH03,CUST-00178,2023-04-20,2023-04-20 07:00,0,0.0,2023-04-20,2023-04-20 07:00:00,1
SHP-003666,WH01,CUST-00007,2023-04-20,2023-04-20 08:00,0,0.0,2023-04-20,2023-04-20 08:00:00,1
SHP-000060,WH03,CUST-00083,2023-04-21,2023-04-21 01:00,0,0.0,2023-04-21,2023-04-21 01:00:00,1
SHP-004924,WH02,CUST-00023,2023-04-21,2023-04-21 01:00,0,0.0,2023-04-21,2023-04-21 01:00:00,1
SHP-004396,WH03,CUST-00034,2023-04-21,2023-04-21 06:00,0,0.0,2023-04-21,2023-04-21 06:00:00,1
SHP-002477,WH01,CUST-00086,2023-04-21,2023-04-21 13:00,0,0.0,2023-04-21,2023-04-21 13:00:00,1
SHP-003268,WH02,CUST-00023,2023-04-21,2023-04-21 17:00,0,0.0,2023-04-21,2023-04-21 17:00:00,1
SHP-000587,WH02,CUST-00112,2023-04-21,2023-04-21 19:00,0,0.0,2023-04-21,2023-04-21 19:00:00,1
SHP-000525,WH03,CUST-00149,2023-04-22,2023-04-22 03:00,0,0.0,2023-04-22,2023-04-22 03:00:00,1
SHP-004106,WH03,CUST-00158,2023-04-22,2023-04-22 08:00,0,0.0,2023-04-22,2023-04-22 08:00:00,1
SHP-004670,WH01,CUST-00015,2023-04-22,2023-04-22 17:00,0,0.0,2023-04-22,2023-04-22 17:00:00,1
SHP-004761,WH03,CUST-00090,2023-04-23,2023-04-23 03:00,0,0.0,2023-04-23,2023-04-23 03:00:00,1
SHP-000343,WH01,CUST-00001,2023-04-23,2023-04-23 03:00,1,3.1,2023-04-23,2023-04-23 03:00:00,1
SHP-004795,WH01,CUST-00100,2023-04-23,2023-04-23 04:00,0,0.0,2023-04-23,2023-04-23 04:00:00,1
SHP-001886,WH01,CUST-00018,2023-04-23,2023-04-23 06:00,0,0.0,2023-04-23,2023-04-23 06:00:00,1
SHP-003772,WH03,CUST-00028,2023-04-23,2023-04-23 10:00,0,0.0,2023-04-23,2023-04-23 10:00:00,1
SHP-002871,WH03,CUST-00110,2023-04-23,2023-04-23 13:00,0,0.0,2023-04-23,2023-04-23 13:00:00,1
SHP-001084,WH02,CUST-00161,2023-04-23,2023-04-23 19:00,0,0.0,2023-04-23,2023-04-23 19:00:00,1
SHP-003916,WH01,CUST-00037,2023-04-24,2023-04-24 08:00,0,0.0,2023-04-24,2023-04-24 08:00:00,1
SHP-001708,WH03,CUST-00173,2023-04-24,2023-04-24 09:00,0,0.0,2023-04-24,2023-04-24 09:00:00,1
SHP-002564,WH03,CUST-00144,2023-04-24,2023-04-24 11:00,0,0.0,2023-04-24,2023-04-24 11:00:00,1
SHP-001356,WH03,CUST-00161,2023-04-24,2023-04-24 13:00,0,0.0,2023-04-24,2023-04-24 13:00:00,1
SHP-000799,WH03,CUST-00177,2023-04-24,2023-04-24 16:00,0,0.0,2023-04-24,2023-04-24 16:00:00,1
SHP-003216,WH01,CUST-00161,2023-04-24,2023-04-24 19:00,0,0.0,2023-04-24,2023-04-24 19:00:00,1
SHP-003439,WH02,CUST-00066,2023-04-24,2023-04-24 19:00,0,0.0,2023-04-24,2023-04-24 19:00:00,1
SHP-001156,WH03,CUST-00049,2023-04-25,2023-04-25 02:00,1,2.7,2023-04-25,2023-04-25 02:00:00,1
SHP-002470,WH02,CUST-00063,2023-04-25,2023-04-25 03:00,0,0.0,2023-04-25,2023-04-25 03:00:00,1
SHP-000985,WH01,CUST-00070,2023-04-25,2023-04-25 03:00,0,0.0,2023-04-25,2023-04-25 03:00:00,1
SHP-000018,WH02,CUST-00114,2023-04-25,2023-04-25 03:00,0,0.0,2023-04-25,2023-04-25 03:00:00,1
SHP-004004,WH02,CUST-00182,2023-04-25,2023-04-25 08:00,0,0.0,2023-04-25,2023-04-25 08:00:00,1
SHP-002513,WH02,CUST-00176,2023-04-24,2023-04-25 16:00,1,40.7,2023-04-24,2023-04-25 16:00:00,0
SHP-002542,WH03,CUST-00069,2023-04-25,2023-04-25 16:00,0,0.0,2023-04-25,2023-04-25 16:00:00,1
SHP-002359,WH02,CUST-00037,2023-04-26,2023-04-26 16:00,0,0.0,2023-04-26,2023-04-26 16:00:00,1
SHP-002977,WH03,CUST-00168,2023-04-27,2023-04-27 05:00,0,0.0,2023-04-27,2023-04-27 05:00:00,1
SHP-004505,WH02,CUST-00057,2023-04-26,2023-04-27 05:00,1,29.5,2023-04-26,2023-04-27 05:00:00,0
SHP-003251,WH01,CUST-00041,2023-04-27,2023-04-27 05:00,1,5.8,2023-04-27,2023-04-27 05:00:00,1
SHP-004893,WH01,CUST-00148,2023-04-27,2023-04-27 06:00,0,0.0,2023-04-27,2023-04-27 06:00:00,1
SHP-003907,WH03,CUST-00192,2023-04-27,2023-04-27 06:00,0,0.0,2023-04-27,2023-04-27 06:00:00,1
SHP-001665,WH02,CUST-00042,2023-04-27,2023-04-27 11:00,1,11.3,2023-04-27,2023-04-27 11:00:00,1
SHP-000255,WH01,CUST-00094,2023-04-27,2023-04-27 18:00,0,0.0,2023-04-27,2023-04-27 18:00:00,1
SHP-001582,WH02,CUST-00004,2023-04-27,2023-04-27 19:00,0,0.0,2023-04-27,2023-04-27 19:00:00,1
SHP-001986,WH03,CUST-00045,2023-04-28,2023-04-28 03:00,0,0.0,2023-04-28,2023-04-28 03:00:00,1
SHP-002726,WH02,CUST-00109,2023-04-28,2023-04-28 16:00,0,0.0,2023-04-28,2023-04-28 16:00:00,1
SHP-000045,WH01,CUST-00133,2023-04-28,2023-04-28 17:00,0,0.0,2023-04-28,2023-04-28 17:00:00,1
SHP-003576,WH01,CUST-00187,2023-04-28,2023-04-28 19:00,0,0.0,2023-04-28,2023-04-28 19:00:00,1
SHP-002657,WH01,CUST-00007,2023-04-27,2023-04-28 22:00,1,46.2,2023-04-27,2023-04-28 22:00:00,0
SHP-004998,WH02,CUST-00063,2023-04-28,2023-04-29 00:00,1,24.7,2023-04-28,2023-04-29 00:00:00,1
SHP-003106,WH02,CUST-00110,2023-04-29,2023-04-29 02:00,0,0.0,2023-04-29,2023-04-29 02:00:00,1
SHP-004095,WH01,CUST-00137,2023-04-29,2023-04-29 04:00,0,0.0,2023-04-29,2023-04-29 04:00:00,1
SHP-004192,WH01,CUST-00139,2023-04-29,2023-04-29 07:00,0,0.0,2023-04-29,2023-04-29 07:00:00,1
SHP-003262,WH02,CUST-00126,2023-04-29,2023-04-29 09:00,1,9.8,2023-04-29,2023-04-29 09:00:00,1
SHP-004210,WH03,CUST-00028,2023-04-29,2023-04-29 09:00,0,0.0,2023-04-29,2023-04-29 09:00:00,1
SHP-003672,WH02,CUST-00136,2023-04-28,2023-04-29 09:00,1,33.2,2023-04-28,2023-04-29 09:00:00,0
SHP-004434,WH01,CUST-00039,2023-04-29,2023-04-29 09:00,0,0.0,2023-04-29,2023-04-29 09:00:00,1
SHP-003674,WH02,CUST-00183,2023-04-30,2023-04-30 02:00,0,0.0,2023-04-30,2023-04-30 02:00:00,1
SHP-001257,WH01,CUST-00140,2023-04-30,2023-04-30 06:00,0,0.0,2023-04-30,2023-04-30 06:00:00,1
SHP-000129,WH02,CUST-00098,2023-04-30,2023-04-30 08:00,0,0.0,2023-04-30,2023-04-30 08:00:00,1
SHP-000471,WH02,CUST-00056,2023-04-30,2023-04-30 15:00,0,0.0,2023-04-30,2023-04-30 15:00:00,1
SHP-002320,WH01,CUST-00034,2023-04-30,2023-04-30 19:00,0,0.0,2023-04-30,2023-04-30 19:00:00,1
SHP-004394,WH02,CUST-00104,2023-05-01,2023-05-01 01:00,0,0.0,2023-05-01,2023-05-01 01:00:00,1
SHP-004755,WH03,CUST-00119,2023-05-01,2023-05-01 02:00,0,0.0,2023-05-01,2023-05-01 02:00:00,1
SHP-003351,WH02,CUST-00189,2023-05-01,2023-05-01 02:00,0,0.0,2023-05-01,2023-05-01 02:00:00,1
SHP-002858,WH02,CUST-00135,2023-05-01,2023-05-01 04:00,0,0.0,2023-05-01,2023-05-01 04:00:00,1
SHP-001670,WH02,CUST-00198,2023-05-01,2023-05-01 07:00,0,0.0,2023-05-01,2023-05-01 07:00:00,1
SHP-004797,WH03,CUST-00046,2023-04-30,2023-05-01 09:00,1,33.7,2023-04-30,2023-05-01 09:00:00,0
SHP-003297,WH01,CUST-00121,2023-05-01,2023-05-01 16:00,0,0.0,2023-05-01,2023-05-01 16:00:00,1
SHP-004058,WH02,CUST-00142,2023-05-02,2023-05-02 03:00,0,0.0,2023-05-02,2023-05-02 03:00:00,1
SHP-000378,WH02,CUST-00062,2023-05-02,2023-05-02 04:00,0,0.0,2023-05-02,2023-05-02 04:00:00,1
SHP-000774,WH02,CUST-00119,2023-05-02,2023-05-02 06:00,0,0.0,2023-05-02,2023-05-02 06:00:00,1
SHP-001077,WH01,CUST-00060,2023-05-02,2023-05-02 08:00,0,0.0,2023-05-02,2023-05-02 08:00:00,1
SHP-000161,WH01,CUST-00119,2023-05-02,2023-05-02 13:00,0,0.0,2023-05-02,2023-05-02 13:00:00,1
SHP-002631,WH02,CUST-00053,2023-05-03,2023-05-03 02:00,0,0.0,2023-05-03,2023-05-03 02:00:00,1
SHP-000436,WH02,CUST-00037,2023-05-03,2023-05-03 07:00,0,0.0,2023-05-03,2023-05-03 07:00:00,1
SHP-000615,WH01,CUST-00035,2023-05-03,2023-05-03 09:00,1,9.7,2023-05-03,2023-05-03 09:00:00,1
SHP-004194,WH03,CUST-00181,2023-05-02,2023-05-03 21:00,1,45.6,2023-05-02,2023-05-03 21:00:00,0
SHP-004181,WH03,CUST-00200,2023-05-04,2023-05-04 03:00,0,0.0,2023-05-04,2023-05-04 03:00:00,1
SHP-002394,WH02,CUST-00087,2023-05-04,2023-05-04 07:00,0,0.0,2023-05-04,2023-05-04 07:00:00,1
SHP-003726,WH03,CUST-00039,2023-05-04,2023-05-04 08:00,0,0.0,2023-05-04,2023-05-04 08:00:00,1
SHP-003502,WH02,CUST-00194,2023-05-04,2023-05-04 10:00,0,0.0,2023-05-04,2023-05-04 10:00:00,1
SHP-003711,WH03,CUST-00092,2023-05-04,2023-05-04 10:00,0,0.0,2023-05-04,2023-05-04 10:00:00,1
SHP-003953,WH01,CUST-00111,2023-05-04,2023-05-04 13:00,1,13.7,2023-05-04,2023-05-04 13:00:00,1
SHP-004728,WH02,CUST-00110,2023-05-05,2023-05-05 04:00,0,0.0,2023-05-05,2023-05-05 04:00:00,1
SHP-003379,WH03,CUST-00119,2023-05-05,2023-05-05 07:00,0,0.0,2023-05-05,2023-05-05 07:00:00,1
SHP-003612,WH02,CUST-00142,2023-05-05,2023-05-05 17:00,0,0.0,2023-05-05,2023-05-05 17:00:00,1
SHP-000576,WH02,CUST-00101,2023-05-05,2023-05-05 18:00,1,18.0,2023-05-05,2023-05-05 18:00:00,1
SHP-004363,WH01,CUST-00116,2023-05-05,2023-05-05 18:00,0,0.0,2023-05-05,2023-05-05 18:00:00,1
SHP-002465,WH03,CUST-00174,2023-05-05,2023-05-05 19:00,0,0.0,2023-05-05,2023-05-05 19:00:00,1
SHP-001015,WH01,CUST-00001,2023-05-06,2023-05-06 02:00,0,0.0,2023-05-06,2023-05-06 02:00:00,1
SHP-002843,WH03,CUST-00103,2023-05-06,2023-05-06 04:00,0,0.0,2023-05-06,2023-05-06 04:00:00,1
SHP-003593,WH02,CUST-00045,2023-05-06,2023-05-06 08:00,0,0.0,2023-05-06,2023-05-06 08:00:00,1
SHP-004571,WH02,CUST-00066,2023-05-06,2023-05-06 19:00,0,0.0,2023-05-06,2023-05-06 19:00:00,1
SHP-000059,WH01,CUST-00138,2023-05-06,2023-05-06 19:00,0,0.0,2023-05-06,2023-05-06 19:00:00,1
SHP-000008,WH02,CUST-00001,2023-05-07,2023-05-07 00:00,0,0.0,2023-05-07,2023-05-07 00:00:00,1
SHP-004246,WH01,CUST-00074,2023-05-07,2023-05-07 17:00,0,0.0,2023-05-07,2023-05-07 17:00:00,1
SHP-003894,WH02,CUST-00139,2023-05-07,2023-05-07 21:00,1,21.1,2023-05-07,2023-05-07 21:00:00,1
SHP-004648,WH01,CUST-00042,2023-05-08,2023-05-08 04:00,0,0.0,2023-05-08,2023-05-08 04:00:00,1
SHP-001213,WH03,CUST-00192,2023-05-08,2023-05-08 05:00,0,0.0,2023-05-08,2023-05-08 05:00:00,1
SHP-000103,WH02,CUST-00165,2023-05-08,2023-05-08 05:00,0,0.0,2023-05-08,2023-05-08 05:00:00,1
SHP-001600,WH02,CUST-00134,2023-05-08,2023-05-08 06:00,0,0.0,2023-05-08,2023-05-08 06:00:00,1
SHP-002042,WH03,CUST-00129,2023-05-08,2023-05-08 07:00,0,0.0,2023-05-08,2023-05-08 07:00:00,1
SHP-000757,WH02,CUST-00025,2023-05-07,2023-05-08 20:00,1,44.8,2023-05-07,2023-05-08 20:00:00,0
SHP-000809,WH02,CUST-00058,2023-05-09,2023-05-09 02:00,0,0.0,2023-05-09,2023-05-09 02:00:00,1
SHP-001775,WH01,CUST-00054,2023-05-09,2023-05-09 09:00,0,0.0,2023-05-09,2023-05-09 09:00:00,1
SHP-003087,WH02,CUST-00048,2023-05-09,2023-05-09 09:00,0,0.0,2023-05-09,2023-05-09 09:00:00,1
SHP-001796,WH03,CUST-00195,2023-05-09,2023-05-09 10:00,1,10.8,2023-05-09,2023-05-09 10:00:00,1
SHP-000703,WH02,CUST-00092,2023-05-09,2023-05-09 19:00,1,19.9,2023-05-09,2023-05-09 19:00:00,1
SHP-000708,WH03,CUST-00100,2023-05-10,2023-05-10 02:00,0,0.0,2023-05-10,2023-05-10 02:00:00,1
SHP-004145,WH01,CUST-00056,2023-05-10,2023-05-10 04:00,0,0.0,2023-05-10,2023-05-10 04:00:00,1
SHP-003961,WH02,CUST-00145,2023-05-09,2023-05-10 07:00,1,31.0,2023-05-09,2023-05-10 07:00:00,0
SHP-002714,WH03,CUST-00009,2023-05-10,2023-05-10 12:00,0,0.0,2023-05-10,2023-05-10 12:00:00,1
SHP-003207,WH01,CUST-00153,2023-05-10,2023-05-10 12:00,0,0.0,2023-05-10,2023-05-10 12:00:00,1
SHP-004138,WH01,CUST-00018,2023-05-10,2023-05-10 14:00,1,14.8,2023-05-10,2023-05-10 14:00:00,1
SHP-002462,WH02,CUST-00017,2023-05-10,2023-05-10 14:00,0,0.0,2023-05-10,2023-05-10 14:00:00,1
SHP-002917,WH01,CUST-00112,2023-05-09,2023-05-10 16:00,1,40.3,2023-05-09,2023-05-10 16:00:00,0
SHP-002139,WH02,CUST-00007,2023-05-11,2023-05-11 00:00,0,0.0,2023-05-11,2023-05-11 00:00:00,1
SHP-004649,WH03,CUST-00133,2023-05-11,2023-05-11 01:00,0,0.0,2023-05-11,2023-05-11 01:00:00,1
SHP-001784,WH01,CUST-00133,2023-05-11,2023-05-11 03:00,0,0.0,2023-05-11,2023-05-11 03:00:00,1
SHP-001271,WH03,CUST-00046,2023-05-10,2023-05-11 04:00,1,28.8,2023-05-10,2023-05-11 04:00:00,0
SHP-000848,WH03,CUST-00147,2023-05-11,2023-05-11 05:00,0,0.0,2023-05-11,2023-05-11 05:00:00,1
SHP-001495,WH02,CUST-00029,2023-05-11,2023-05-11 07:00,0,0.0,2023-05-11,2023-05-11 07:00:00,1
SHP-004282,WH01,CUST-00113,2023-05-11,2023-05-11 09:00,0,0.0,2023-05-11,2023-05-11 09:00:00,1
SHP-004404,WH01,CUST-00147,2023-05-11,2023-05-11 09:00,0,0.0,2023-05-11,2023-05-11 09:00:00,1
SHP-003120,WH01,CUST-00130,2023-05-12,2023-05-12 02:00,0,0.0,2023-05-12,2023-05-12 02:00:00,1
SHP-004111,WH03,CUST-00011,2023-05-12,2023-05-12 07:00,1,7.0,2023-05-12,2023-05-12 07:00:00,1
SHP-003597,WH01,CUST-00073,2023-05-12,2023-05-12 09:00,0,0.0,2023-05-12,2023-05-12 09:00:00,1
SHP-001383,WH01,CUST-00023,2023-05-12,2023-05-12 12:00,0,0.0,2023-05-12,2023-05-12 12:00:00,1
SHP-001183,WH03,CUST-00034,2023-05-12,2023-05-12 18:00,0,0.0,2023-05-12,2023-05-12 18:00:00,1
SHP-002175,WH01,CUST-00183,2023-05-12,2023-05-12 21:00,1,21.4,2023-05-12,2023-05-12 21:00:00,1
SHP-000111,WH02,CUST-00012,2023-05-11,2023-05-12 22:00,1,46.5,2023-05-11,2023-05-12 22:00:00,0
SHP-003390,WH01,CUST-00165,2023-05-12,2023-05-12 23:00,1,23.2,2023-05-12,2023-05-12 23:00:00,1
SHP-001841,WH02,CUST-00037,2023-05-13,2023-05-13 05:00,0,0.0,2023-05-13,2023-05-13 05:00:00,1
SHP-002600,WH03,CUST-00140,2023-05-12,2023-05-13 05:00,1,29.6,2023-05-12,2023-05-13 05:00:00,0
SHP-001180,WH01,CUST-00155,2023-05-13,2023-05-13 08:00,0,0.0,2023-05-13,2023-05-13 08:00:00,1
SHP-002473,WH03,CUST-00018,2023-05-13,2023-05-13 09:00,0,0.0,2023-05-13,2023-05-13 09:00:00,1
SHP-001838,WH03,CUST-00094,2023-05-13,2023-05-13 11:00,0,0.0,2023-05-13,2023-05-13 11:00:00,1
SHP-001376,WH01,CUST-00025,2023-05-13,2023-05-13 16:00,0,0.0,2023-05-13,2023-05-13 16:00:00,1
SHP-002772,WH01,CUST-00158,2023-05-14,2023-05-14 05:00,1,5.4,2023-05-14,2023-05-14 05:00:00,1
SHP-001155,WH01,CUST-00154,2023-05-13,2023-05-14 09:00,1,33.4,2023-05-13,2023-05-14 09:00:00,0
SHP-002765,WH03,CUST-00173,2023-05-14,2023-05-14 10:00,0,0.0,2023-05-14,2023-05-14 10:00:00,1
SHP-002846,WH01,CUST-00083,2023-05-14,2023-05-14 11:00,0,0.0,2023-05-14,2023-05-14 11:00:00,1
SHP-002060,WH01,CUST-00077,2023-05-15,2023-05-15 13:00,0,0.0,2023-05-15,2023-05-15 13:00:00,1
SHP-004459,WH01,CUST-00187,2023-05-15,2023-05-15 14:00,0,0.0,2023-05-15,2023-05-15 14:00:00,1
SHP-002145,WH03,CUST-00034,2023-05-15,2023-05-15 15:00,0,0.0,2023-05-15,2023-05-15 15:00:00,1
SHP-002233,WH03,CUST-00071,2023-05-16,2023-05-16 01:00,0,0.0,2023-05-16,2023-05-16 01:00:00,1
SHP-000542,WH03,CUST-00045,2023-05-16,2023-05-16 10:00,0,0.0,2023-05-16,2023-05-16 10:00:00,1
SHP-003904,WH03,CUST-00126,2023-05-16,2023-05-16 16:00,0,0.0,2023-05-16,2023-05-16 16:00:00,1
SHP-001655,WH02,CUST-00032,2023-05-17,2023-05-17 00:00,0,0.0,2023-05-17,2023-05-17 00:00:00,1
SHP-000070,WH02,CUST-00072,2023-05-17,2023-05-17 00:00,0,0.0,2023-05-17,2023-05-17 00:00:00,1
SHP-003512,WH03,CUST-00149,2023-05-17,2023-05-17 04:00,0,0.0,2023-05-17,2023-05-17 04:00:00,1
SHP-001305,WH02,CUST-00087,2023-05-17,2023-05-17 05:00,0,0.0,2023-05-17,2023-05-17 05:00:00,1
SHP-003950,WH01,CUST-00026,2023-05-17,2023-05-17 08:00,0,0.0,2023-05-17,2023-05-17 08:00:00,1
SHP-003285,WH01,CUST-00100,2023-05-17,2023-05-17 08:00,0,0.0,2023-05-17,2023-05-17 08:00:00,1
SHP-003016,WH02,CUST-00031,2023-05-17,2023-05-17 19:00,0,0.0,2023-05-17,2023-05-17 19:00:00,1
SHP-001942,WH03,CUST-00068,2023-05-18,2023-05-18 08:00,0,0.0,2023-05-18,2023-05-18 08:00:00,1
SHP-000049,WH01,CUST-00084,2023-05-18,2023-05-18 09:00,0,0.0,2023-05-18,2023-05-18 09:00:00,1
SHP-001374,WH01,CUST-00089,2023-05-18,2023-05-18 15:00,1,15.0,2023-05-18,2023-05-18 15:00:00,1
SHP-002147,WH03,CUST-00121,2023-05-18,2023-05-18 15:00,0,0.0,2023-05-18,2023-05-18 15:00:00,1
SHP-003987,WH02,CUST-00145,2023-05-18,2023-05-18 15:00,0,0.0,2023-05-18,2023-05-18 15:00:00,1
SHP-000332,WH02,CUST-00152,2023-05-19,2023-05-19 02:00,0,0.0,2023-05-19,2023-05-19 02:00:00,1
SHP-001056,WH01,CUST-00118,2023-05-19,2023-05-19 05:00,0,0.0,2023-05-19,2023-05-19 05:00:00,1
SHP-004338,WH02,CUST-00012,2023-05-19,2023-05-19 06:00,0,0.0,2023-05-19,2023-05-19 06:00:00,1
SHP-003226,WH02,CUST-00200,2023-05-19,2023-05-19 06:00,0,0.0,2023-05-19,2023-05-19 06:00:00,1
SHP-004412,WH01,CUST-00112,2023-05-19,2023-05-19 09:00,1,9.2,2023-05-19,2023-05-19 09:00:00,1
SHP-003610,WH01,CUST-00064,2023-05-19,2023-05-19 12:00,1,12.8,2023-05-19,2023-05-19 12:00:00,1
SHP-003005,WH02,CUST-00029,2023-05-19,2023-05-19 13:00,0,0.0,2023-05-19,2023-05-19 13:00:00,1
SHP-004346,WH01,CUST-00181,2023-05-19,2023-05-19 16:00,0,0.0,2023-05-19,2023-05-19 16:00:00,1
SHP-000984,WH01,CUST-00074,2023-05-19,2023-05-19 17:00,0,0.0,2023-05-19,2023-05-19 17:00:00,1
SHP-000456,WH02,CUST-00128,2023-05-19,2023-05-19 19:00,1,19.2,2023-05-19,2023-05-19 19:00:00,1
SHP-000066,WH01,CUST-00139,2023-05-20,2023-05-20 05:00,0,0.0,2023-05-20,2023-05-20 05:00:00,1
SHP-004313,WH01,CUST-00022,2023-05-20,2023-05-20 12:00,0,0.0,2023-05-20,2023-05-20 12:00:00,1
SHP-003060,WH01,CUST-00191,2023-05-20,2023-05-20 19:00,0,0.0,2023-05-20,2023-05-20 19:00:00,1
SHP-003656,WH02,CUST-00167,2023-05-20,2023-05-20 19:00,0,0.0,2023-05-20,2023-05-20 19:00:00,1
SHP-002841,WH03,CUST-00031,2023-05-21,2023-05-21 04:00,0,0.0,2023-05-21,2023-05-21 04:00:00,1
SHP-004719,WH02,CUST-00146,2023-05-21,2023-05-21 05:00,0,0.0,2023-05-21,2023-05-21 05:00:00,1
SHP-000356,WH03,CUST-00145,2023-05-21,2023-05-21 05:00,0,0.0,2023-05-21,2023-05-21 05:00:00,1
SHP-004195,WH03,CUST-00005,2023-05-21,2023-05-21 07:00,0,0.0,2023-05-21,2023-05-21 07:00:00,1
SHP-002827,WH03,CUST-00124,2023-05-21,2023-05-21 11:00,0,0.0,2023-05-21,2023-05-21 11:00:00,1
SHP-002790,WH02,CUST-00013,2023-05-21,2023-05-21 16:00,0,0.0,2023-05-21,2023-05-21 16:00:00,1
SHP-002237,WH03,CUST-00053,2023-05-22,2023-05-22 00:00,0,0.0,2023-05-22,2023-05-22 00:00:00,1
SHP-002159,WH03,CUST-00138,2023-05-22,2023-05-22 01:00,0,0.0,2023-05-22,2023-05-22 01:00:00,1
SHP-001926,WH03,CUST-00055,2023-05-22,2023-05-22 07:00,0,0.0,2023-05-22,2023-05-22 07:00:00,1
SHP-000267,WH01,CUST-00087,2023-05-22,2023-05-22 17:00,0,0.0,2023-05-22,2023-05-22 17:00:00,1
SHP-002736,WH01,CUST-00045,2023-05-22,2023-05-22 17:00,0,0.0,2023-05-22,2023-05-22 17:00:00,1
SHP-000185,WH01,CUST-00035,2023-05-23,2023-05-23 00:00,0,0.0,2023-05-23,2023-05-23 00:00:00,1
SHP-001531,WH03,CUST-00111,2023-05-22,2023-05-23 01:00,1,25.4,2023-05-22,2023-05-23 01:00:00,0
SHP-000289,WH01,CUST-00181,2023-05-23,2023-05-23 02:00,0,0.0,2023-05-23,2023-05-23 02:00:00,1
SHP-000157,WH03,CUST-00195,2023-05-23,2023-05-23 05:00,1,5.9,2023-05-23,2023-05-23 05:00:00,1
SHP-004846,WH03,CUST-00045,2023-05-23,2023-05-23 12:00,0,0.0,2023-05-23,2023-05-23 12:00:00,1
SHP-001910,WH01,CUST-00121,2023-05-23,2023-05-23 12:00,0,0.0,2023-05-23,2023-05-23 12:00:00,1
SHP-002984,WH03,CUST-00055,2023-05-23,2023-05-23 14:00,0,0.0,2023-05-23,2023-05-23 14:00:00,1
SHP-004946,WH02,CUST-00033,2023-05-23,2023-05-23 15:00,0,0.0,2023-05-23,2023-05-23 15:00:00,1
SHP-002050,WH03,CUST-00108,2023-05-23,2023-05-23 15:00,0,0.0,2023-05-23,2023-05-23 15:00:00,1
SHP-002758,WH01,CUST-00195,2023-05-23,2023-05-23 18:00,0,0.0,2023-05-23,2023-05-23 18:00:00,1
SHP-001656,WH03,CUST-00149,2023-05-22,2023-05-23 21:00,1,45.9,2023-05-22,2023-05-23 21:00:00,0
SHP-002743,WH01,CUST-00047,2023-05-22,2023-05-23 23:00,1,47.1,2023-05-22,2023-05-23 23:00:00,0
SHP-001054,WH01,CUST-00049,2023-05-25,2023-05-25 03:00,0,0.0,2023-05-25,2023-05-25 03:00:00,1
SHP-004452,WH01,CUST-00072,2023-05-25,2023-05-25 09:00,1,9.5,2023-05-25,2023-05-25 09:00:00,1
SHP-000454,WH01,CUST-00086,2023-05-24,2023-05-25 11:00,1,35.0,2023-05-24,2023-05-25 11:00:00,0
SHP-001138,WH01,CUST-00042,2023-05-24,2023-05-25 19:00,1,43.9,2023-05-24,2023-05-25 19:00:00,0
SHP-003828,WH03,CUST-00188,2023-05-26,2023-05-26 00:00,0,0.0,2023-05-26,2023-05-26 00:00:00,1
SHP-003833,WH03,CUST-00167,2023-05-26,2023-05-26 01:00,0,0.0,2023-05-26,2023-05-26 01:00:00,1
SHP-001207,WH03,CUST-00058,2023-05-26,2023-05-26 02:00,0,0.0,2023-05-26,2023-05-26 02:00:00,1
SHP-004572,WH03,CUST-00039,2023-05-26,2023-05-26 02:00,0,0.0,2023-05-26,2023-05-26 02:00:00,1
SHP-003012,WH03,CUST-00016,2023-05-26,2023-05-26 02:00,0,0.0,2023-05-26,2023-05-26 02:00:00,1
SHP-004301,WH03,CUST-00103,2023-05-26,2023-05-26 04:00,0,0.0,2023-05-26,2023-05-26 04:00:00,1
SHP-004378,WH01,CUST-00055,2023-05-26,2023-05-26 04:00,0,0.0,2023-05-26,2023-05-26 04:00:00,1
SHP-000546,WH01,CUST-00006,2023-05-26,2023-05-26 08:00,0,0.0,2023-05-26,2023-05-26 08:00:00,1
SHP-000198,WH01,CUST-00069,2023-05-26,2023-05-26 09:00,0,0.0,2023-05-26,2023-05-26 09:00:00,1
SHP-000537,WH01,CUST-00128,2023-05-26,2023-05-26 13:00,0,0.0,2023-05-26,2023-05-26 13:00:00,1
SHP-002679,WH01,CUST-00087,2023-05-26,2023-05-26 17:00,0,0.0,2023-05-26,2023-05-26 17:00:00,1
SHP-000768,WH03,CUST-00177,2023-05-26,2023-05-26 17:00,0,0.0,2023-05-26,2023-05-26 17:00:00,1
SHP-001857,WH01,CUST-00010,2023-05-26,2023-05-26 18:00,0,0.0,2023-05-26,2023-05-26 18:00:00,1
SHP-000565,WH01,CUST-00189,2023-05-27,2023-05-27 02:00,0,0.0,2023-05-27,2023-05-27 02:00:00,1
SHP-004614,WH02,CUST-00006,2023-05-27,2023-05-27 04:00,1,4.4,2023-05-27,2023-05-27 04:00:00,1
SHP-002727,WH01,CUST-00021,2023-05-27,2023-05-27 19:00,0,0.0,2023-05-27,2023-05-27 19:00:00,1
SHP-002633,WH01,CUST-00048,2023-05-27,2023-05-27 22:00,1,22.1,2023-05-27,2023-05-27 22:00:00,1
SHP-004517,WH01,CUST-00137,2023-05-28,2023-05-28 01:00,0,0.0,2023-05-28,2023-05-28 01:00:00,1
SHP-001546,WH03,CUST-00173,2023-05-28,2023-05-28 09:00,1,9.9,2023-05-28,2023-05-28 09:00:00,1
SHP-004079,WH03,CUST-00188,2023-05-28,2023-05-28 14:00,0,0.0,2023-05-28,2023-05-28 14:00:00,1
SHP-003396,WH01,CUST-00074,2023-05-28,2023-05-28 17:00,0,0.0,2023-05-28,2023-05-28 17:00:00,1
SHP-003675,WH02,CUST-00066,2023-05-29,2023-05-29 00:00,0,0.0,2023-05-29,2023-05-29 00:00:00,1
SHP-002208,WH03,CUST-00136,2023-05-29,2023-05-29 06:00,0,0.0,2023-05-29,2023-05-29 06:00:00,1
SHP-001239,WH03,CUST-00163,2023-05-29,2023-05-29 06:00,0,0.0,2023-05-29,2023-05-29 06:00:00,1
SHP-000523,WH02,CUST-00190,2023-05-29,2023-05-29 16:00,0,0.0,2023-05-29,2023-05-29 16:00:00,1
SHP-003232,WH01,CUST-00161,2023-05-29,2023-05-29 17:00,1,17.0,2023-05-29,2023-05-29 17:00:00,1
SHP-002598,WH01,CUST-00057,2023-05-29,2023-05-29 18:00,0,0.0,2023-05-29,2023-05-29 18:00:00,1
SHP-001629,WH01,CUST-00126,2023-05-29,2023-05-29 18:00,0,0.0,2023-05-29,2023-05-29 18:00:00,1
SHP-002074,WH01,CUST-00148,2023-05-29,2023-05-29 19:00,0,0.0,2023-05-29,2023-05-29 19:00:00,1
SHP-000966,WH02,CUST-00048,2023-05-30,2023-05-30 01:00,1,1.6,2023-05-30,2023-05-30 01:00:00,1
SHP-000845,WH03,CUST-00022,2023-05-30,2023-05-30 06:00,0,0.0,2023-05-30,2023-05-30 06:00:00,1
SHP-000485,WH02,CUST-00128,2023-05-30,2023-05-30 07:00,0,0.0,2023-05-30,2023-05-30 07:00:00,1
SHP-004187,WH01,CUST-00115,2023-05-30,2023-05-30 10:00,0,0.0,2023-05-30,2023-05-30 10:00:00,1
SHP-001776,WH02,CUST-00138,2023-05-30,2023-05-30 12:00,0,0.0,2023-05-30,2023-05-30 12:00:00,1
SHP-002687,WH02,CUST-00197,2023-05-30,2023-05-30 12:00,0,0.0,2023-05-30,2023-05-30 12:00:00,1
SHP-001669,WH02,CUST-00087,2023-05-30,2023-05-30 14:00,0,0.0,2023-05-30,2023-05-30 14:00:00,1
SHP-001536,WH03,CUST-00057,2023-05-30,2023-05-30 16:00,0,0.0,2023-05-30,2023-05-30 16:00:00,1
SHP-002330,WH02,CUST-00199,2023-05-30,2023-05-30 17:00,0,0.0,2023-05-30,2023-05-30 17:00:00,1
SHP-000685,WH01,CUST-00058,2023-05-30,2023-05-30 19:00,0,0.0,2023-05-30,2023-05-30 19:00:00,1
SHP-004224,WH03,CUST-00163,2023-05-31,2023-05-31 04:00,0,0.0,2023-05-31,2023-05-31 04:00:00,1
SHP-001632,WH02,CUST-00055,2023-05-31,2023-05-31 10:00,1,10.6,2023-05-31,2023-05-31 10:00:00,1
SHP-001323,WH03,CUST-00096,2023-05-31,2023-05-31 12:00,0,0.0,2023-05-31,2023-05-31 12:00:00,1
SHP-004524,WH03,CUST-00197,2023-06-01,2023-06-01 03:00,0,0.0,2023-06-01,2023-06-01 03:00:00,1
SHP-001934,WH03,CUST-00183,2023-06-01,2023-06-01 04:00,0,0.0,2023-06-01,2023-06-01 04:00:00,1
SHP-001677,WH01,CUST-00067,2023-06-01,2023-06-01 06:00,0,0.0,2023-06-01,2023-06-01 06:00:00,1
SHP-003958,WH01,CUST-00170,2023-06-01,2023-06-01 10:00,0,0.0,2023-06-01,2023-06-01 10:00:00,1
SHP-001018,WH03,CUST-00130,2023-06-01,2023-06-01 14:00,0,0.0,2023-06-01,2023-06-01 14:00:00,1
SHP-000947,WH03,CUST-00094,2023-06-01,2023-06-01 18:00,0,0.0,2023-06-01,2023-06-01 18:00:00,1
SHP-000867,WH01,CUST-00142,2023-06-02,2023-06-02 10:00,0,0.0,2023-06-02,2023-06-02 10:00:00,1
SHP-002315,WH03,CUST-00159,2023-06-02,2023-06-02 15:00,0,0.0,2023-06-02,2023-06-02 15:00:00,1
SHP-001954,WH03,CUST-00046,2023-06-02,2023-06-02 15:00,0,0.0,2023-06-02,2023-06-02 15:00:00,1
SHP-003125,WH01,CUST-00040,2023-06-02,2023-06-02 19:00,0,0.0,2023-06-02,2023-06-02 19:00:00,1
SHP-000383,WH01,CUST-00043,2023-06-03,2023-06-03 01:00,0,0.0,2023-06-03,2023-06-03 01:00:00,1
SHP-003787,WH02,CUST-00001,2023-06-02,2023-06-03 05:00,1,29.6,2023-06-02,2023-06-03 05:00:00,0
SHP-000713,WH02,CUST-00125,2023-06-03,2023-06-03 10:00,0,0.0,2023-06-03,2023-06-03 10:00:00,1
SHP-004105,WH01,CUST-00023,2023-06-03,2023-06-03 11:00,0,0.0,2023-06-03,2023-06-03 11:00:00,1
SHP-004266,WH03,CUST-00130,2023-06-03,2023-06-03 19:00,0,0.0,2023-06-03,2023-06-03 19:00:00,1
SHP-000391,WH03,CUST-00059,2023-06-03,2023-06-03 19:00,0,0.0,2023-06-03,2023-06-03 19:00:00,1
SHP-001499,WH02,CUST-00024,2023-06-04,2023-06-04 01:00,0,0.0,2023-06-04,2023-06-04 01:00:00,1
SHP-001726,WH01,CUST-00143,2023-06-04,2023-06-04 02:00,1,2.0,2023-06-04,2023-06-04 02:00:00,1
SHP-003926,WH02,CUST-00175,2023-06-04,2023-06-04 04:00,0,0.0,2023-06-04,2023-06-04 04:00:00,1
SHP-000802,WH02,CUST-00139,2023-06-04,2023-06-04 05:00,0,0.0,2023-06-04,2023-06-04 05:00:00,1
SHP-004129,WH03,CUST-00176,2023-06-03,2023-06-04 16:00,1,40.0,2023-06-03,2023-06-04 16:00:00,0
SHP-000990,WH03,CUST-00138,2023-06-05,2023-06-05 04:00,1,4.5,2023-06-05,2023-06-05 04:00:00,1
SHP-004698,WH03,CUST-00172,2023-06-05,2023-06-05 05:00,0,0.0,2023-06-05,2023-06-05 05:00:00,1
SHP-002659,WH03,CUST-00080,2023-06-04,2023-06-05 09:00,1,33.9,2023-06-04,2023-06-05 09:00:00,0
SHP-000386,WH01,CUST-00170,2023-06-05,2023-06-05 10:00,0,0.0,2023-06-05,2023-06-05 10:00:00,1
SHP-004765,WH01,CUST-00134,2023-06-04,2023-06-05 10:00,1,34.0,2023-06-04,2023-06-05 10:00:00,0
SHP-003197,WH02,CUST-00156,2023-06-05,2023-06-05 10:00,0,0.0,2023-06-05,2023-06-05 10:00:00,1
SHP-004881,WH03,CUST-00182,2023-06-05,2023-06-05 13:00,0,0.0,2023-06-05,2023-06-05 13:00:00,1
SHP-002255,WH01,CUST-00149,2023-06-05,2023-06-05 17:00,1,17.8,2023-06-05,2023-06-05 17:00:00,1
SHP-002724,WH03,CUST-00112,2023-06-04,2023-06-05 18:00,1,42.5,2023-06-04,2023-06-05 18:00:00,0
SHP-004112,WH02,CUST-00007,2023-06-05,2023-06-05 18:00,0,0.0,2023-06-05,2023-06-05 18:00:00,1
SHP-003177,WH03,CUST-00172,2023-06-06,2023-06-06 00:00,0,0.0,2023-06-06,2023-06-06 00:00:00,1
SHP-000076,WH03,CUST-00033,2023-06-06,2023-06-06 04:00,0,0.0,2023-06-06,2023-06-06 04:00:00,1
SHP-001578,WH03,CUST-00106,2023-06-06,2023-06-06 04:00,0,0.0,2023-06-06,2023-06-06 04:00:00,1
SHP-004535,WH02,CUST-00040,2023-06-06,2023-06-06 07:00,0,0.0,2023-06-06,2023-06-06 07:00:00,1
SHP-001112,WH03,CUST-00199,2023-06-06,2023-06-06 07:00,0,0.0,2023-06-06,2023-06-06 07:00:00,1
SHP-004020,WH01,CUST-00091,2023-06-06,2023-06-06 10:00,0,0.0,2023-06-06,2023-06-06 10:00:00,1
SHP-002914,WH02,CUST-00006,2023-06-06,2023-06-06 19:00,0,0.0,2023-06-06,2023-06-06 19:00:00,1
SHP-001216,WH03,CUST-00018,2023-06-07,2023-06-07 02:00,0,0.0,2023-06-07,2023-06-07 02:00:00,1
SHP-004178,WH03,CUST-00068,2023-06-07,2023-06-07 10:00,0,0.0,2023-06-07,2023-06-07 10:00:00,1
SHP-004098,WH02,CUST-00087,2023-06-06,2023-06-07 15:00,1,39.4,2023-06-06,2023-06-07 15:00:00,0
SHP-004256,WH02,CUST-00181,2023-06-08,2023-06-08 01:00,0,0.0,2023-06-08,2023-06-08 01:00:00,1
SHP-004964,WH03,CUST-00011,2023-06-08,2023-06-08 02:00,0,0.0,2023-06-08,2023-06-08 02:00:00,1
SHP-000254,WH03,CUST-00152,2023-06-08,2023-06-08 13:00,0,0.0,2023-06-08,2023-06-08 13:00:00,1
SHP-000573,WH01,CUST-00090,2023-06-09,2023-06-09 01:00,0,0.0,2023-06-09,2023-06-09 01:00:00,1
SHP-002425,WH01,CUST-00180,2023-06-09,2023-06-09 05:00,0,0.0,2023-06-09,2023-06-09 05:00:00,1
SHP-004567,WH02,CUST-00167,2023-06-09,2023-06-09 18:00,0,0.0,2023-06-09,2023-06-09 18:00:00,1
SHP-003421,WH03,CUST-00095,2023-06-10,2023-06-10 12:00,1,12.8,2023-06-10,2023-06-10 12:00:00,1
SHP-002274,WH02,CUST-00128,2023-06-10,2023-06-10 14:00,0,0.0,2023-06-10,2023-06-10 14:00:00,1
SHP-000282,WH01,CUST-00097,2023-06-11,2023-06-11 04:00,0,0.0,2023-06-11,2023-06-11 04:00:00,1
SHP-001164,WH03,CUST-00139,2023-06-11,2023-06-11 07:00,0,0.0,2023-06-11,2023-06-11 07:00:00,1
SHP-004574,WH03,CUST-00169,2023-06-11,2023-06-11 07:00,0,0.0,2023-06-11,2023-06-11 07:00:00,1
SHP-002185,WH03,CUST-00115,2023-06-11,2023-06-11 12:00,0,0.0,2023-06-11,2023-06-11 12:00:00,1
SHP-003146,WH01,CUST-00001,2023-06-11,2023-06-11 18:00,0,0.0,2023-06-11,2023-06-11 18:00:00,1
SHP-003798,WH03,CUST-00125,2023-06-12,2023-06-12 04:00,0,0.0,2023-06-12,2023-06-12 04:00:00,1
SHP-000962,WH02,CUST-00171,2023-06-12,2023-06-12 06:00,0,0.0,2023-06-12,2023-06-12 06:00:00,1
SHP-003537,WH01,CUST-00053,2023-06-12,2023-06-12 08:00,0,0.0,2023-06-12,2023-06-12 08:00:00,1
SHP-002415,WH02,CUST-00071,2023-06-12,2023-06-12 11:00,0,0.0,2023-06-12,2023-06-12 11:00:00,1
SHP-000148,WH02,CUST-00027,2023-06-12,2023-06-12 11:00,0,0.0,2023-06-12,2023-06-12 11:00:00,1
SHP-002673,WH01,CUST-00078,2023-06-12,2023-06-12 11:00,0,0.0,2023-06-12,2023-06-12 11:00:00,1
SHP-000521,WH02,CUST-00162,2023-06-12,2023-06-12 11:00,0,0.0,2023-06-12,2023-06-12 11:00:00,1
SHP-000216,WH02,CUST-00125,2023-06-13,2023-06-13 00:00,0,0.0,2023-06-13,2023-06-13 00:00:00,1
SHP-000598,WH01,CUST-00158,2023-06-13,2023-06-13 03:00,1,3.9,2023-06-13,2023-06-13 03:00:00,1
SHP-003850,WH03,CUST-00188,2023-06-13,2023-06-13 08:00,0,0.0,2023-06-13,2023-06-13 08:00:00,1
SHP-000910,WH03,CUST-00056,2023-06-13,2023-06-13 13:00,0,0.0,2023-06-13,2023-06-13 13:00:00,1
SHP-003168,WH03,CUST-00007,2023-06-13,2023-06-13 13:00,0,0.0,2023-06-13,2023-06-13 13:00:00,1
SHP-003433,WH03,CUST-00190,2023-06-13,2023-06-13 17:00,0,0.0,2023-06-13,2023-06-13 17:00:00,1
SHP-001268,WH01,CUST-00149,2023-06-14,2023-06-14 03:00,0,0.0,2023-06-14,2023-06-14 03:00:00,1
SHP-004208,WH03,CUST-00093,2023-06-14,2023-06-14 09:00,0,0.0,2023-06-14,2023-06-14 09:00:00,1
SHP-002677,WH01,CUST-00112,2023-06-14,2023-06-14 15:00,0,0.0,2023-06-14,2023-06-14 15:00:00,1
SHP-001473,WH03,CUST-00162,2023-06-14,2023-06-14 16:00,1,16.8,2023-06-14,2023-06-14 16:00:00,1
SHP-004888,WH02,CUST-00098,2023-06-15,2023-06-15 05:00,0,0.0,2023-06-15,2023-06-15 05:00:00,1
SHP-003912,WH03,CUST-00138,2023-06-15,2023-06-15 13:00,0,0.0,2023-06-15,2023-06-15 13:00:00,1
SHP-001939,WH03,CUST-00052,2023-06-15,2023-06-15 14:00,0,0.0,2023-06-15,2023-06-15 14:00:00,1
SHP-004141,WH01,CUST-00003,2023-06-15,2023-06-15 15:00,0,0.0,2023-06-15,2023-06-15 15:00:00,1
SHP-002700,WH03,CUST-00022,2023-06-16,2023-06-16 01:00,0,0.0,2023-06-16,2023-06-16 01:00:00,1
SHP-003243,WH02,CUST-00016,2023-06-16,2023-06-16 03:00,0,0.0,2023-06-16,2023-06-16 03:00:00,1
SHP-001090,WH01,CUST-00002,2023-06-16,2023-06-16 04:00,0,0.0,2023-06-16,2023-06-16 04:00:00,1
SHP-003346,WH02,CUST-00087,2023-06-16,2023-06-16 08:00,0,0.0,2023-06-16,2023-06-16 08:00:00,1
SHP-001802,WH02,CUST-00158,2023-06-16,2023-06-16 09:00,0,0.0,2023-06-16,2023-06-16 09:00:00,1
SHP-004009,WH02,CUST-00124,2023-06-17,2023-06-17 01:00,1,1.0,2023-06-17,2023-06-17 01:00:00,1
SHP-001310,WH02,CUST-00061,2023-06-17,2023-06-17 04:00,0,0.0,2023-06-17,2023-06-17 04:00:00,1
SHP-000105,WH02,CUST-00145,2023-06-17,2023-06-17 06:00,0,0.0,2023-06-17,2023-06-17 06:00:00,1
SHP-001381,WH01,CUST-00021,2023-06-17,2023-06-17 09:00,0,0.0,2023-06-17,2023-06-17 09:00:00,1
SHP-000411,WH02,CUST-00064,2023-06-17,2023-06-17 15:00,0,0.0,2023-06-17,2023-06-17 15:00:00,1
SHP-000636,WH01,CUST-00019,2023-06-17,2023-06-18 04:00,1,28.0,2023-06-17,2023-06-18 04:00:00,0
SHP-002972,WH02,CUST-00187,2023-06-18,2023-06-18 06:00,0,0.0,2023-06-18,2023-06-18 06:00:00,1
SHP-001855,WH02,CUST-00014,2023-06-18,2023-06-18 09:00,0,0.0,2023-06-18,2023-06-18 09:00:00,1
SHP-002515,WH01,CUST-00003,2023-06-18,2023-06-18 10:00,0,0.0,2023-06-18,2023-06-18 10:00:00,1
SHP-004118,WH02,CUST-00098,2023-06-18,2023-06-18 17:00,0,0.0,2023-06-18,2023-06-18 17:00:00,1
SHP-002901,WH02,CUST-00004,2023-06-19,2023-06-19 04:00,0,0.0,2023-06-19,2023-06-19 04:00:00,1
SHP-002944,WH02,CUST-00197,2023-06-19,2023-06-19 06:00,0,0.0,2023-06-19,2023-06-19 06:00:00,1
SHP-000430,WH03,CUST-00151,2023-06-19,2023-06-19 12:00,0,0.0,2023-06-19,2023-06-19 12:00:00,1
SHP-004047,WH03,CUST-00124,2023-06-19,2023-06-19 13:00,0,0.0,2023-06-19,2023-06-19 13:00:00,1
SHP-002935,WH02,CUST-00031,2023-06-20,2023-06-20 03:00,0,0.0,2023-06-20,2023-06-20 03:00:00,1
SHP-002093,WH03,CUST-00100,2023-06-20,2023-06-20 10:00,0,0.0,2023-06-20,2023-06-20 10:00:00,1
SHP-002796,WH02,CUST-00018,2023-06-20,2023-06-20 20:00,1,20.2,2023-06-20,2023-06-20 20:00:00,1
SHP-003283,WH03,CUST-00145,2023-06-21,2023-06-21 01:00,0,0.0,2023-06-21,2023-06-21 01:00:00,1
SHP-004362,WH02,CUST-00103,2023-06-21,2023-06-21 07:00,0,0.0,2023-06-21,2023-06-21 07:00:00,1
SHP-003908,WH01,CUST-00034,2023-06-21,2023-06-21 11:00,0,0.0,2023-06-21,2023-06-21 11:00:00,1
SHP-000195,WH03,CUST-00118,2023-06-21,2023-06-21 12:00,0,0.0,2023-06-21,2023-06-21 12:00:00,1
SHP-002800,WH02,CUST-00165,2023-06-22,2023-06-22 00:00,0,0.0,2023-06-22,2023-06-22 00:00:00,1
SHP-003609,WH03,CUST-00022,2023-06-22,2023-06-22 01:00,0,0.0,2023-06-22,2023-06-22 01:00:00,1
SHP-002716,WH03,CUST-00028,2023-06-22,2023-06-22 05:00,0,0.0,2023-06-22,2023-06-22 05:00:00,1
SHP-000294,WH03,CUST-00121,2023-06-22,2023-06-22 08:00,0,0.0,2023-06-22,2023-06-22 08:00:00,1
SHP-004255,WH01,CUST-00067,2023-06-23,2023-06-23 08:00,0,0.0,2023-06-23,2023-06-23 08:00:00,1
SHP-000027,WH01,CUST-00027,2023-06-23,2023-06-23 09:00,0,0.0,2023-06-23,2023-06-23 09:00:00,1
SHP-004832,WH02,CUST-00115,2023-06-23,2023-06-23 11:00,0,0.0,2023-06-23,2023-06-23 11:00:00,1
SHP-004245,WH01,CUST-00062,2023-06-23,2023-06-23 15:00,0,0.0,2023-06-23,2023-06-23 15:00:00,1
SHP-002439,WH03,CUST-00175,2023-06-24,2023-06-24 02:00,0,0.0,2023-06-24,2023-06-24 02:00:00,1
SHP-004259,WH02,CUST-00119,2023-06-24,2023-06-24 08:00,0,0.0,2023-06-24,2023-06-24 08:00:00,1
SHP-001230,WH02,CUST-00192,2023-06-24,2023-06-24 11:00,1,11.3,2023-06-24,2023-06-24 11:00:00,1
SHP-002634,WH02,CUST-00040,2023-06-24,2023-06-24 13:00,0,0.0,2023-06-24,2023-06-24 13:00:00,1
SHP-004802,WH03,CUST-00140,2023-06-25,2023-06-25 01:00,0,0.0,2023-06-25,2023-06-25 01:00:00,1
SHP-001373,WH03,CUST-00156,2023-06-25,2023-06-25 02:00,0,0.0,2023-06-25,2023-06-25 02:00:00,1
SHP-003758,WH03,CUST-00189,2023-06-24,2023-06-25 06:00,1,30.3,2023-06-24,2023-06-25 06:00:00,0
SHP-002576,WH03,CUST-00119,2023-06-25,2023-06-25 09:00,0,0.0,2023-06-25,2023-06-25 09:00:00,1
SHP-001729,WH01,CUST-00145,2023-06-25,2023-06-25 11:00,0,0.0,2023-06-25,2023-06-25 11:00:00,1
SHP-000695,WH02,CUST-00145,2023-06-25,2023-06-25 12:00,0,0.0,2023-06-25,2023-06-25 12:00:00,1
SHP-001921,WH03,CUST-00093,2023-06-25,2023-06-25 13:00,0,0.0,2023-06-25,2023-06-25 13:00:00,1
SHP-004766,WH03,CUST-00107,2023-06-25,2023-06-25 15:00,0,0.0,2023-06-25,2023-06-25 15:00:00,1
SHP-004044,WH02,CUST-00186,2023-06-25,2023-06-25 16:00,0,0.0,2023-06-25,2023-06-25 16:00:00,1
SHP-004656,WH02,CUST-00063,2023-06-25,2023-06-25 17:00,0,0.0,2023-06-25,2023-06-25 17:00:00,1
SHP-004126,WH03,CUST-00188,2023-06-26,2023-06-26 02:00,0,0.0,2023-06-26,2023-06-26 02:00:00,1
